name,label
cs/00000312.jpg,cs
cs/00000068.jpg,cs
cs/00000339.jpg,cs
cs/00000092.jpg,cs
cs/00000188.jpg,cs
cs/00000056.jpg,cs
cs/00000425.jpg,cs
cs/00000377.jpg,cs
cs/00000107.jpg,cs
cs/00000358.jpg,cs
cs/00000395.jpg,cs
cs/00000283.jpg,cs
cs/00000154.jpg,cs
cs/00000409.jpg,cs
cs/00000274.jpg,cs
cs/00000187.jpg,cs
cs/00000266.jpg,cs
cs/00000419.jpg,cs
cs/00000372.jpg,cs
cs/00000352.jpg,cs
cs/00000359.jpg,cs
cs/00000257.jpg,cs
cs/00000098.jpg,cs
cs/00000199.jpg,cs
cs/00000142.jpg,cs
cs/00000298.jpg,cs
cs/00000247.jpg,cs
cs/00000384.jpg,cs
cs/00000078.jpg,cs
cs/00000381.jpg,cs
cs/00000002.jpg,cs
cs/00000097.jpg,cs
cs/00000392.jpg,cs
cs/00000325.jpg,cs
cs/00000066.jpg,cs
cs/00000124.jpg,cs
cs/00000291.jpg,cs
cs/00000035.jpg,cs
cs/00000185.jpg,cs
cs/00000170.jpg,cs
cs/00000306.jpg,cs
cs/00000130.jpg,cs
cs/00000186.jpg,cs
cs/00000033.jpg,cs
cs/00000362.jpg,cs
cs/00000196.jpg,cs
cs/00000228.jpg,cs
cs/00000015.jpg,cs
cs/00000126.jpg,cs
cs/00000220.jpg,cs
cs/00000120.jpg,cs
cs/00000334.jpg,cs
cs/00000011.jpg,cs
cs/00000164.jpg,cs
cs/00000314.jpg,cs
cs/00000253.jpg,cs
cs/00000252.jpg,cs
cs/00000052.jpg,cs
cs/00000295.jpg,cs
cs/00000108.jpg,cs
cs/00000003.jpg,cs
cs/00000075.jpg,cs
cs/00000240.jpg,cs
cs/00000161.jpg,cs
cs/00000446.jpg,cs
cs/00000434.jpg,cs
cs/00000008.jpg,cs
cs/00000050.jpg,cs
cs/00000258.jpg,cs
cs/00000248.jpg,cs
cs/00000367.jpg,cs
cs/00000117.jpg,cs
cs/00000344.jpg,cs
cs/00000370.jpg,cs
cs/00000218.jpg,cs
cs/00000349.jpg,cs
cs/00000177.jpg,cs
cs/00000208.jpg,cs
cs/00000175.jpg,cs
cs/00000351.jpg,cs
cs/00000270.jpg,cs
cs/00000131.jpg,cs
cs/00000222.jpg,cs
cs/00000303.jpg,cs
cs/00000106.jpg,cs
cs/00000055.jpg,cs
cs/00000160.jpg,cs
cs/00000194.jpg,cs
cs/00000440.jpg,cs
cs/00000357.jpg,cs
cs/00000219.jpg,cs
cs/00000151.jpg,cs
cs/00000071.jpg,cs
cs/00000305.jpg,cs
cs/00000396.jpg,cs
cs/00000342.jpg,cs
cs/00000125.jpg,cs
cs/00000275.jpg,cs
cs/00000402.jpg,cs
cs/00000350.jpg,cs
cs/00000341.jpg,cs
cs/00000336.jpg,cs
cs/00000223.jpg,cs
cs/00000260.jpg,cs
cs/00000289.jpg,cs
cs/00000297.jpg,cs
cs/00000322.jpg,cs
cs/00000021.jpg,cs
cs/00000382.jpg,cs
cs/00000140.jpg,cs
cs/00000069.jpg,cs
cs/00000435.jpg,cs
cs/00000259.jpg,cs
cs/00000427.jpg,cs
cs/00000115.jpg,cs
cs/00000324.jpg,cs
cs/00000272.jpg,cs
cs/00000045.jpg,cs
cs/00000135.jpg,cs
cs/00000398.jpg,cs
cs/00000169.jpg,cs
cs/00000193.jpg,cs
cs/00000280.jpg,cs
cs/00000019.jpg,cs
cs/00000200.jpg,cs
cs/00000022.jpg,cs
cs/00000162.jpg,cs
cs/00000133.jpg,cs
cs/00000088.jpg,cs
cs/00000059.jpg,cs
cs/00000273.jpg,cs
cs/00000153.jpg,cs
cs/00000269.jpg,cs
cs/00000181.jpg,cs
cs/00000095.jpg,cs
cs/00000101.jpg,cs
cs/00000406.jpg,cs
cs/00000414.jpg,cs
cs/00000380.jpg,cs
cs/00000441.jpg,cs
cs/00000221.jpg,cs
cs/00000054.jpg,cs
cs/00000323.jpg,cs
cs/00000390.jpg,cs
cs/00000420.jpg,cs
cs/00000385.jpg,cs
cs/00000285.jpg,cs
cs/00000376.jpg,cs
cs/00000261.jpg,cs
cs/00000137.jpg,cs
cs/00000300.jpg,cs
cs/00000037.jpg,cs
cs/00000084.jpg,cs
cs/00000389.jpg,cs
cs/00000279.jpg,cs
cs/00000145.jpg,cs
cs/00000134.jpg,cs
cs/00000408.jpg,cs
cs/00000189.jpg,cs
cs/00000110.jpg,cs
cs/00000328.jpg,cs
cs/00000109.jpg,cs
cs/00000009.jpg,cs
cs/00000244.jpg,cs
cs/00000081.jpg,cs
cs/00000074.jpg,cs
cs/00000230.jpg,cs
cs/00000136.jpg,cs
cs/00000422.jpg,cs
cs/00000416.jpg,cs
cs/00000366.jpg,cs
cs/00000182.jpg,cs
cs/00000256.jpg,cs
cs/00000354.jpg,cs
cs/00000386.jpg,cs
cs/00000234.jpg,cs
cs/00000439.jpg,cs
cs/00000176.jpg,cs
cs/00000282.jpg,cs
cs/00000304.jpg,cs
cs/00000080.jpg,cs
cs/00000049.jpg,cs
cs/00000399.jpg,cs
cs/00000072.jpg,cs
cs/00000327.jpg,cs
cs/00000202.jpg,cs
cs/00000012.jpg,cs
cs/00000179.jpg,cs
cs/00000265.jpg,cs
cs/00000404.jpg,cs
cs/00000231.jpg,cs
cs/00000087.jpg,cs
cs/00000407.jpg,cs
cs/00000029.jpg,cs
cs/00000127.jpg,cs
cs/00000307.jpg,cs
cs/00000004.jpg,cs
cs/00000250.jpg,cs
cs/00000041.jpg,cs
cs/00000302.jpg,cs
cs/00000371.jpg,cs
cs/00000214.jpg,cs
cs/00000243.jpg,cs
cs/00000365.jpg,cs
cs/00000233.jpg,cs
cs/00000027.jpg,cs
cs/00000374.jpg,cs
cs/00000227.jpg,cs
cs/00000428.jpg,cs
cs/00000040.jpg,cs
cs/00000138.jpg,cs
cs/00000144.jpg,cs
cs/00000090.jpg,cs
cs/00000036.jpg,cs
cs/00000246.jpg,cs
cs/00000356.jpg,cs
cs/00000060.jpg,cs
cs/00000311.jpg,cs
cs/00000020.jpg,cs
cs/00000397.jpg,cs
cs/00000119.jpg,cs
cs/00000355.jpg,cs
cs/00000299.jpg,cs
cs/00000086.jpg,cs
cs/00000167.jpg,cs
cs/00000292.jpg,cs
cs/00000326.jpg,cs
cs/00000159.jpg,cs
cs/00000172.jpg,cs
cs/00000294.jpg,cs
cs/00000206.jpg,cs
cs/00000232.jpg,cs
cs/00000165.jpg,cs
cs/00000424.jpg,cs
cs/00000113.jpg,cs
cs/00000418.jpg,cs
cs/00000379.jpg,cs
cs/00000105.jpg,cs
cs/00000183.jpg,cs
cs/00000309.jpg,cs
cs/00000293.jpg,cs
cs/00000394.jpg,cs
cs/00000345.jpg,cs
cs/00000405.jpg,cs
cs/00000147.jpg,cs
cs/00000249.jpg,cs
cs/00000251.jpg,cs
cs/00000346.jpg,cs
cs/00000364.jpg,cs
cs/00000369.jpg,cs
cs/00000023.jpg,cs
cs/00000212.jpg,cs
cs/00000316.jpg,cs
cs/00000046.jpg,cs
cs/00000076.jpg,cs
cs/00000061.jpg,cs
cs/00000032.jpg,cs
cs/00000013.jpg,cs
cs/00000375.jpg,cs
cs/00000191.jpg,cs
cs/00000116.jpg,cs
cs/00000102.jpg,cs
cs/00000073.jpg,cs
cs/00000286.jpg,cs
cs/00000156.jpg,cs
cs/00000129.jpg,cs
cs/00000413.jpg,cs
cs/00000063.jpg,cs
cs/00000112.jpg,cs
cs/00000010.jpg,cs
cs/00000387.jpg,cs
cs/00000281.jpg,cs
cs/00000313.jpg,cs
cs/00000079.jpg,cs
cs/00000211.jpg,cs
cs/00000340.jpg,cs
cs/00000301.jpg,cs
cs/00000378.jpg,cs
cs/00000400.jpg,cs
cs/00000103.jpg,cs
cs/00000373.jpg,cs
cs/00000123.jpg,cs
cs/00000210.jpg,cs
cs/00000053.jpg,cs
cs/00000226.jpg,cs
cs/00000082.jpg,cs
cs/00000410.jpg,cs
cs/00000277.jpg,cs
cs/00000042.jpg,cs
cs/00000184.jpg,cs
cs/00000213.jpg,cs
cs/00000148.jpg,cs
cs/00000099.jpg,cs
cs/00000025.jpg,cs
cs/00000085.jpg,cs
cs/00000028.jpg,cs
cs/00000448.jpg,cs
cs/00000104.jpg,cs
cs/00000430.jpg,cs
cs/00000360.jpg,cs
cs/00000383.jpg,cs
cs/00000239.jpg,cs
cs/00000429.jpg,cs
cs/00000024.jpg,cs
cs/00000139.jpg,cs
cs/00000361.jpg,cs
cs/00000431.jpg,cs
cs/00000152.jpg,cs
cs/00000320.jpg,cs
cs/00000077.jpg,cs
cs/00000198.jpg,cs
cs/00000224.jpg,cs
cs/00000423.jpg,cs
cs/00000437.jpg,cs
cs/00000403.jpg,cs
cs/00000412.jpg,cs
cs/00000163.jpg,cs
cs/00000043.jpg,cs
cs/00000118.jpg,cs
cs/00000215.jpg,cs
cs/00000204.jpg,cs
cs/00000235.jpg,cs
cs/00000121.jpg,cs
cs/00000141.jpg,cs
cs/00000237.jpg,cs
cs/00000018.jpg,cs
cs/00000122.jpg,cs
cs/00000190.jpg,cs
cs/00000026.jpg,cs
cs/00000047.jpg,cs
cs/00000216.jpg,cs
cs/00000241.jpg,cs
cs/00000415.jpg,cs
cs/00000064.jpg,cs
cs/00000070.jpg,cs
cs/00000132.jpg,cs
cs/00000005.jpg,cs
cs/00000166.jpg,cs
cs/00000436.jpg,cs
cs/00000192.jpg,cs
cs/00000284.jpg,cs
cs/00000353.jpg,cs
cs/00000111.jpg,cs
cs/00000268.jpg,cs
cs/00000067.jpg,cs
cs/00000178.jpg,cs
cs/00000171.jpg,cs
cs/00000209.jpg,cs
cs/00000155.jpg,cs
cs/00000057.jpg,cs
cs/00000007.jpg,cs
cs/00000287.jpg,cs
cs/00000034.jpg,cs
cs/00000393.jpg,cs
cs/00000426.jpg,cs
cs/00000017.jpg,cs
cs/00000217.jpg,cs
cs/00000051.jpg,cs
cs/00000001.jpg,cs
cs/00000432.jpg,cs
cs/00000308.jpg,cs
cs/00000093.jpg,cs
cs/00000039.jpg,cs
cs/00000143.jpg,cs
cs/00000263.jpg,cs
cs/00000329.jpg,cs
cs/00000195.jpg,cs
cs/00000157.jpg,cs
cs/00000343.jpg,cs
cs/00000319.jpg,cs
cs/00000014.jpg,cs
cs/00000100.jpg,cs
cs/00000000.jpg,cs
cs/00000238.jpg,cs
cs/00000332.jpg,cs
cs/00000180.jpg,cs
cs/00000290.jpg,cs
cs/00000062.jpg,cs
cs/00000048.jpg,cs
cs/00000363.jpg,cs
cs/00000254.jpg,cs
cs/00000096.jpg,cs
cs/00000173.jpg,cs
cs/00000331.jpg,cs
cs/00000333.jpg,cs
cs/00000278.jpg,cs
cs/00000158.jpg,cs
cs/00000114.jpg,cs
cs/00000203.jpg,cs
cs/00000225.jpg,cs
cs/00000058.jpg,cs
cs/00000201.jpg,cs
cs/00000044.jpg,cs
cs/00000197.jpg,cs
cs/00000310.jpg,cs
cs/00000083.jpg,cs
cs/00000031.jpg,cs
sc/00000312.jpg,sc
sc/00000174.jpg,sc
sc/00000068.jpg,sc
sc/00000339.jpg,sc
sc/00000092.jpg,sc
sc/00000188.jpg,sc
sc/00000056.jpg,sc
sc/00000377.jpg,sc
sc/00000107.jpg,sc
sc/00000358.jpg,sc
sc/00000395.jpg,sc
sc/00000283.jpg,sc
sc/00000154.jpg,sc
sc/00000409.jpg,sc
sc/00000274.jpg,sc
sc/00000187.jpg,sc
sc/00000266.jpg,sc
sc/00000443.jpg,sc
sc/00000419.jpg,sc
sc/00000372.jpg,sc
sc/00000352.jpg,sc
sc/00000359.jpg,sc
sc/00000257.jpg,sc
sc/00000098.jpg,sc
sc/00000149.jpg,sc
sc/00000199.jpg,sc
sc/00000142.jpg,sc
sc/00000298.jpg,sc
sc/00000464.jpg,sc
sc/00000247.jpg,sc
sc/00000347.jpg,sc
sc/00000296.jpg,sc
sc/00000078.jpg,sc
sc/00000348.jpg,sc
sc/00000381.jpg,sc
sc/00000002.jpg,sc
sc/00000097.jpg,sc
sc/00000325.jpg,sc
sc/00000066.jpg,sc
sc/00000124.jpg,sc
sc/00000291.jpg,sc
sc/00000035.jpg,sc
sc/00000205.jpg,sc
sc/00000170.jpg,sc
sc/00000306.jpg,sc
sc/00000089.jpg,sc
sc/00000130.jpg,sc
sc/00000186.jpg,sc
sc/00000033.jpg,sc
sc/00000362.jpg,sc
sc/00000196.jpg,sc
sc/00000228.jpg,sc
sc/00000015.jpg,sc
sc/00000411.jpg,sc
sc/00000126.jpg,sc
sc/00000220.jpg,sc
sc/00000120.jpg,sc
sc/00000334.jpg,sc
sc/00000011.jpg,sc
sc/00000164.jpg,sc
sc/00000314.jpg,sc
sc/00000253.jpg,sc
sc/00000052.jpg,sc
sc/00000453.jpg,sc
sc/00000461.jpg,sc
sc/00000295.jpg,sc
sc/00000108.jpg,sc
sc/00000003.jpg,sc
sc/00000075.jpg,sc
sc/00000315.jpg,sc
sc/00000240.jpg,sc
sc/00000161.jpg,sc
sc/00000446.jpg,sc
sc/00000434.jpg,sc
sc/00000008.jpg,sc
sc/00000050.jpg,sc
sc/00000258.jpg,sc
sc/00000248.jpg,sc
sc/00000367.jpg,sc
sc/00000344.jpg,sc
sc/00000370.jpg,sc
sc/00000433.jpg,sc
sc/00000349.jpg,sc
sc/00000177.jpg,sc
sc/00000208.jpg,sc
sc/00000175.jpg,sc
sc/00000450.jpg,sc
sc/00000351.jpg,sc
sc/00000270.jpg,sc
sc/00000438.jpg,sc
sc/00000131.jpg,sc
sc/00000222.jpg,sc
sc/00000303.jpg,sc
sc/00000106.jpg,sc
sc/00000055.jpg,sc
sc/00000160.jpg,sc
sc/00000194.jpg,sc
sc/00000242.jpg,sc
sc/00000440.jpg,sc
sc/00000357.jpg,sc
sc/00000219.jpg,sc
sc/00000071.jpg,sc
sc/00000305.jpg,sc
sc/00000447.jpg,sc
sc/00000396.jpg,sc
sc/00000342.jpg,sc
sc/00000275.jpg,sc
sc/00000466.jpg,sc
sc/00000402.jpg,sc
sc/00000341.jpg,sc
sc/00000336.jpg,sc
sc/00000223.jpg,sc
sc/00000260.jpg,sc
sc/00000289.jpg,sc
sc/00000463.jpg,sc
sc/00000297.jpg,sc
sc/00000322.jpg,sc
sc/00000128.jpg,sc
sc/00000382.jpg,sc
sc/00000140.jpg,sc
sc/00000069.jpg,sc
sc/00000435.jpg,sc
sc/00000462.jpg,sc
sc/00000259.jpg,sc
sc/00000427.jpg,sc
sc/00000115.jpg,sc
sc/00000324.jpg,sc
sc/00000272.jpg,sc
sc/00000245.jpg,sc
sc/00000045.jpg,sc
sc/00000135.jpg,sc
sc/00000398.jpg,sc
sc/00000169.jpg,sc
sc/00000193.jpg,sc
sc/00000280.jpg,sc
sc/00000019.jpg,sc
sc/00000200.jpg,sc
sc/00000022.jpg,sc
sc/00000162.jpg,sc
sc/00000236.jpg,sc
sc/00000133.jpg,sc
sc/00000088.jpg,sc
sc/00000059.jpg,sc
sc/00000273.jpg,sc
sc/00000269.jpg,sc
sc/00000181.jpg,sc
sc/00000095.jpg,sc
sc/00000101.jpg,sc
sc/00000406.jpg,sc
sc/00000414.jpg,sc
sc/00000380.jpg,sc
sc/00000221.jpg,sc
sc/00000267.jpg,sc
sc/00000054.jpg,sc
sc/00000390.jpg,sc
sc/00000420.jpg,sc
sc/00000337.jpg,sc
sc/00000385.jpg,sc
sc/00000285.jpg,sc
sc/00000445.jpg,sc
sc/00000376.jpg,sc
sc/00000261.jpg,sc
sc/00000137.jpg,sc
sc/00000300.jpg,sc
sc/00000037.jpg,sc
sc/00000084.jpg,sc
sc/00000094.jpg,sc
sc/00000389.jpg,sc
sc/00000459.jpg,sc
sc/00000279.jpg,sc
sc/00000145.jpg,sc
sc/00000134.jpg,sc
sc/00000408.jpg,sc
sc/00000189.jpg,sc
sc/00000110.jpg,sc
sc/00000109.jpg,sc
sc/00000009.jpg,sc
sc/00000081.jpg,sc
sc/00000074.jpg,sc
sc/00000230.jpg,sc
sc/00000136.jpg,sc
sc/00000422.jpg,sc
sc/00000182.jpg,sc
sc/00000354.jpg,sc
sc/00000386.jpg,sc
sc/00000234.jpg,sc
sc/00000176.jpg,sc
sc/00000451.jpg,sc
sc/00000282.jpg,sc
sc/00000304.jpg,sc
sc/00000080.jpg,sc
sc/00000449.jpg,sc
sc/00000049.jpg,sc
sc/00000399.jpg,sc
sc/00000072.jpg,sc
sc/00000321.jpg,sc
sc/00000327.jpg,sc
sc/00000202.jpg,sc
sc/00000030.jpg,sc
sc/00000179.jpg,sc
sc/00000265.jpg,sc
sc/00000404.jpg,sc
sc/00000150.jpg,sc
sc/00000231.jpg,sc
sc/00000087.jpg,sc
sc/00000029.jpg,sc
sc/00000127.jpg,sc
sc/00000318.jpg,sc
sc/00000307.jpg,sc
sc/00000004.jpg,sc
sc/00000250.jpg,sc
sc/00000041.jpg,sc
sc/00000302.jpg,sc
sc/00000371.jpg,sc
sc/00000214.jpg,sc
sc/00000243.jpg,sc
sc/00000365.jpg,sc
sc/00000233.jpg,sc
sc/00000027.jpg,sc
sc/00000227.jpg,sc
sc/00000038.jpg,sc
sc/00000428.jpg,sc
sc/00000040.jpg,sc
sc/00000138.jpg,sc
sc/00000144.jpg,sc
sc/00000090.jpg,sc
sc/00000036.jpg,sc
sc/00000246.jpg,sc
sc/00000356.jpg,sc
sc/00000060.jpg,sc
sc/00000311.jpg,sc
sc/00000020.jpg,sc
sc/00000397.jpg,sc
sc/00000119.jpg,sc
sc/00000355.jpg,sc
sc/00000338.jpg,sc
sc/00000299.jpg,sc
sc/00000391.jpg,sc
sc/00000086.jpg,sc
sc/00000167.jpg,sc
sc/00000292.jpg,sc
sc/00000326.jpg,sc
sc/00000159.jpg,sc
sc/00000172.jpg,sc
sc/00000294.jpg,sc
sc/00000206.jpg,sc
sc/00000232.jpg,sc
sc/00000165.jpg,sc
sc/00000458.jpg,sc
sc/00000424.jpg,sc
sc/00000113.jpg,sc
sc/00000418.jpg,sc
sc/00000379.jpg,sc
sc/00000105.jpg,sc
sc/00000330.jpg,sc
sc/00000183.jpg,sc
sc/00000309.jpg,sc
sc/00000293.jpg,sc
sc/00000394.jpg,sc
sc/00000006.jpg,sc
sc/00000345.jpg,sc
sc/00000405.jpg,sc
sc/00000147.jpg,sc
sc/00000229.jpg,sc
sc/00000249.jpg,sc
sc/00000251.jpg,sc
sc/00000346.jpg,sc
sc/00000364.jpg,sc
sc/00000369.jpg,sc
sc/00000023.jpg,sc
sc/00000212.jpg,sc
sc/00000046.jpg,sc
sc/00000076.jpg,sc
sc/00000061.jpg,sc
sc/00000032.jpg,sc
sc/00000013.jpg,sc
sc/00000375.jpg,sc
sc/00000191.jpg,sc
sc/00000116.jpg,sc
sc/00000102.jpg,sc
sc/00000073.jpg,sc
sc/00000286.jpg,sc
sc/00000156.jpg,sc
sc/00000413.jpg,sc
sc/00000063.jpg,sc
sc/00000112.jpg,sc
sc/00000010.jpg,sc
sc/00000387.jpg,sc
sc/00000281.jpg,sc
sc/00000313.jpg,sc
sc/00000079.jpg,sc
sc/00000211.jpg,sc
sc/00000340.jpg,sc
sc/00000301.jpg,sc
sc/00000378.jpg,sc
sc/00000400.jpg,sc
sc/00000103.jpg,sc
sc/00000123.jpg,sc
sc/00000271.jpg,sc
sc/00000210.jpg,sc
sc/00000053.jpg,sc
sc/00000226.jpg,sc
sc/00000467.jpg,sc
sc/00000082.jpg,sc
sc/00000410.jpg,sc
sc/00000065.jpg,sc
sc/00000277.jpg,sc
sc/00000042.jpg,sc
sc/00000168.jpg,sc
sc/00000184.jpg,sc
sc/00000317.jpg,sc
sc/00000454.jpg,sc
sc/00000213.jpg,sc
sc/00000207.jpg,sc
sc/00000148.jpg,sc
sc/00000099.jpg,sc
sc/00000025.jpg,sc
sc/00000085.jpg,sc
sc/00000028.jpg,sc
sc/00000448.jpg,sc
sc/00000104.jpg,sc
sc/00000430.jpg,sc
sc/00000360.jpg,sc
sc/00000383.jpg,sc
sc/00000091.jpg,sc
sc/00000276.jpg,sc
sc/00000239.jpg,sc
sc/00000460.jpg,sc
sc/00000429.jpg,sc
sc/00000024.jpg,sc
sc/00000139.jpg,sc
sc/00000361.jpg,sc
sc/00000431.jpg,sc
sc/00000152.jpg,sc
sc/00000320.jpg,sc
sc/00000077.jpg,sc
sc/00000198.jpg,sc
sc/00000224.jpg,sc
sc/00000368.jpg,sc
sc/00000423.jpg,sc
sc/00000437.jpg,sc
sc/00000403.jpg,sc
sc/00000412.jpg,sc
sc/00000163.jpg,sc
sc/00000043.jpg,sc
sc/00000118.jpg,sc
sc/00000215.jpg,sc
sc/00000204.jpg,sc
sc/00000235.jpg,sc
sc/00000444.jpg,sc
sc/00000121.jpg,sc
sc/00000141.jpg,sc
sc/00000237.jpg,sc
sc/00000018.jpg,sc
sc/00000264.jpg,sc
sc/00000122.jpg,sc
sc/00000190.jpg,sc
sc/00000457.jpg,sc
sc/00000026.jpg,sc
sc/00000047.jpg,sc
sc/00000255.jpg,sc
sc/00000216.jpg,sc
sc/00000241.jpg,sc
sc/00000421.jpg,sc
sc/00000146.jpg,sc
sc/00000064.jpg,sc
sc/00000070.jpg,sc
sc/00000132.jpg,sc
sc/00000005.jpg,sc
sc/00000166.jpg,sc
sc/00000192.jpg,sc
sc/00000284.jpg,sc
sc/00000353.jpg,sc
sc/00000111.jpg,sc
sc/00000268.jpg,sc
sc/00000067.jpg,sc
sc/00000171.jpg,sc
sc/00000155.jpg,sc
sc/00000057.jpg,sc
sc/00000007.jpg,sc
sc/00000287.jpg,sc
sc/00000034.jpg,sc
sc/00000393.jpg,sc
sc/00000426.jpg,sc
sc/00000017.jpg,sc
sc/00000051.jpg,sc
sc/00000455.jpg,sc
sc/00000001.jpg,sc
sc/00000432.jpg,sc
sc/00000308.jpg,sc
sc/00000093.jpg,sc
sc/00000039.jpg,sc
sc/00000143.jpg,sc
sc/00000465.jpg,sc
sc/00000263.jpg,sc
sc/00000329.jpg,sc
sc/00000195.jpg,sc
sc/00000335.jpg,sc
sc/00000157.jpg,sc
sc/00000343.jpg,sc
sc/00000319.jpg,sc
sc/00000014.jpg,sc
sc/00000100.jpg,sc
sc/00000000.jpg,sc
sc/00000238.jpg,sc
sc/00000332.jpg,sc
sc/00000180.jpg,sc
sc/00000290.jpg,sc
sc/00000062.jpg,sc
sc/00000048.jpg,sc
sc/00000363.jpg,sc
sc/00000254.jpg,sc
sc/00000096.jpg,sc
sc/00000173.jpg,sc
sc/00000333.jpg,sc
sc/00000278.jpg,sc
sc/00000016.jpg,sc
sc/00000158.jpg,sc
sc/00000262.jpg,sc
sc/00000114.jpg,sc
sc/00000203.jpg,sc
sc/00000225.jpg,sc
sc/00000401.jpg,sc
sc/00000201.jpg,sc
sc/00000044.jpg,sc
sc/00000197.jpg,sc
sc/00000388.jpg,sc
sc/00000310.jpg,sc
sc/00000083.jpg,sc
sc/00000031.jpg,sc
sc/00000417.jpg,sc
cc/00000312.jpg,cc
cc/00000174.jpg,cc
cc/00000068.jpg,cc
cc/00000339.jpg,cc
cc/00000092.jpg,cc
cc/00000188.jpg,cc
cc/00000056.jpg,cc
cc/00000425.jpg,cc
cc/00000377.jpg,cc
cc/00000107.jpg,cc
cc/00000358.jpg,cc
cc/00000395.jpg,cc
cc/00000283.jpg,cc
cc/00000154.jpg,cc
cc/00000409.jpg,cc
cc/00000274.jpg,cc
cc/00000187.jpg,cc
cc/00000443.jpg,cc
cc/00000372.jpg,cc
cc/00000352.jpg,cc
cc/00000359.jpg,cc
cc/00000257.jpg,cc
cc/00000098.jpg,cc
cc/00000149.jpg,cc
cc/00000199.jpg,cc
cc/00000142.jpg,cc
cc/00000298.jpg,cc
cc/00000247.jpg,cc
cc/00000347.jpg,cc
cc/00000384.jpg,cc
cc/00000078.jpg,cc
cc/00000348.jpg,cc
cc/00000452.jpg,cc
cc/00000381.jpg,cc
cc/00000002.jpg,cc
cc/00000097.jpg,cc
cc/00000392.jpg,cc
cc/00000325.jpg,cc
cc/00000066.jpg,cc
cc/00000291.jpg,cc
cc/00000035.jpg,cc
cc/00000185.jpg,cc
cc/00000205.jpg,cc
cc/00000170.jpg,cc
cc/00000089.jpg,cc
cc/00000130.jpg,cc
cc/00000186.jpg,cc
cc/00000033.jpg,cc
cc/00000196.jpg,cc
cc/00000228.jpg,cc
cc/00000015.jpg,cc
cc/00000411.jpg,cc
cc/00000126.jpg,cc
cc/00000220.jpg,cc
cc/00000120.jpg,cc
cc/00000011.jpg,cc
cc/00000164.jpg,cc
cc/00000314.jpg,cc
cc/00000253.jpg,cc
cc/00000252.jpg,cc
cc/00000052.jpg,cc
cc/00000453.jpg,cc
cc/00000295.jpg,cc
cc/00000108.jpg,cc
cc/00000003.jpg,cc
cc/00000075.jpg,cc
cc/00000315.jpg,cc
cc/00000240.jpg,cc
cc/00000161.jpg,cc
cc/00000008.jpg,cc
cc/00000050.jpg,cc
cc/00000258.jpg,cc
cc/00000248.jpg,cc
cc/00000367.jpg,cc
cc/00000117.jpg,cc
cc/00000370.jpg,cc
cc/00000218.jpg,cc
cc/00000433.jpg,cc
cc/00000349.jpg,cc
cc/00000177.jpg,cc
cc/00000208.jpg,cc
cc/00000450.jpg,cc
cc/00000351.jpg,cc
cc/00000438.jpg,cc
cc/00000131.jpg,cc
cc/00000303.jpg,cc
cc/00000106.jpg,cc
cc/00000055.jpg,cc
cc/00000160.jpg,cc
cc/00000194.jpg,cc
cc/00000242.jpg,cc
cc/00000357.jpg,cc
cc/00000219.jpg,cc
cc/00000151.jpg,cc
cc/00000071.jpg,cc
cc/00000305.jpg,cc
cc/00000447.jpg,cc
cc/00000396.jpg,cc
cc/00000342.jpg,cc
cc/00000125.jpg,cc
cc/00000275.jpg,cc
cc/00000350.jpg,cc
cc/00000341.jpg,cc
cc/00000336.jpg,cc
cc/00000223.jpg,cc
cc/00000260.jpg,cc
cc/00000289.jpg,cc
cc/00000297.jpg,cc
cc/00000322.jpg,cc
cc/00000021.jpg,cc
cc/00000128.jpg,cc
cc/00000382.jpg,cc
cc/00000140.jpg,cc
cc/00000069.jpg,cc
cc/00000435.jpg,cc
cc/00000259.jpg,cc
cc/00000427.jpg,cc
cc/00000115.jpg,cc
cc/00000324.jpg,cc
cc/00000272.jpg,cc
cc/00000245.jpg,cc
cc/00000045.jpg,cc
cc/00000135.jpg,cc
cc/00000398.jpg,cc
cc/00000169.jpg,cc
cc/00000193.jpg,cc
cc/00000280.jpg,cc
cc/00000019.jpg,cc
cc/00000200.jpg,cc
cc/00000022.jpg,cc
cc/00000162.jpg,cc
cc/00000236.jpg,cc
cc/00000133.jpg,cc
cc/00000088.jpg,cc
cc/00000059.jpg,cc
cc/00000273.jpg,cc
cc/00000153.jpg,cc
cc/00000181.jpg,cc
cc/00000095.jpg,cc
cc/00000101.jpg,cc
cc/00000406.jpg,cc
cc/00000414.jpg,cc
cc/00000441.jpg,cc
cc/00000221.jpg,cc
cc/00000267.jpg,cc
cc/00000054.jpg,cc
cc/00000323.jpg,cc
cc/00000390.jpg,cc
cc/00000337.jpg,cc
cc/00000385.jpg,cc
cc/00000445.jpg,cc
cc/00000376.jpg,cc
cc/00000261.jpg,cc
cc/00000137.jpg,cc
cc/00000300.jpg,cc
cc/00000037.jpg,cc
cc/00000084.jpg,cc
cc/00000094.jpg,cc
cc/00000389.jpg,cc
cc/00000279.jpg,cc
cc/00000145.jpg,cc
cc/00000134.jpg,cc
cc/00000408.jpg,cc
cc/00000110.jpg,cc
cc/00000328.jpg,cc
cc/00000109.jpg,cc
cc/00000009.jpg,cc
cc/00000244.jpg,cc
cc/00000081.jpg,cc
cc/00000074.jpg,cc
cc/00000288.jpg,cc
cc/00000230.jpg,cc
cc/00000136.jpg,cc
cc/00000422.jpg,cc
cc/00000416.jpg,cc
cc/00000366.jpg,cc
cc/00000182.jpg,cc
cc/00000354.jpg,cc
cc/00000386.jpg,cc
cc/00000234.jpg,cc
cc/00000176.jpg,cc
cc/00000282.jpg,cc
cc/00000304.jpg,cc
cc/00000080.jpg,cc
cc/00000049.jpg,cc
cc/00000399.jpg,cc
cc/00000072.jpg,cc
cc/00000321.jpg,cc
cc/00000327.jpg,cc
cc/00000202.jpg,cc
cc/00000030.jpg,cc
cc/00000012.jpg,cc
cc/00000179.jpg,cc
cc/00000265.jpg,cc
cc/00000404.jpg,cc
cc/00000150.jpg,cc
cc/00000231.jpg,cc
cc/00000087.jpg,cc
cc/00000407.jpg,cc
cc/00000029.jpg,cc
cc/00000127.jpg,cc
cc/00000318.jpg,cc
cc/00000307.jpg,cc
cc/00000004.jpg,cc
cc/00000250.jpg,cc
cc/00000041.jpg,cc
cc/00000302.jpg,cc
cc/00000365.jpg,cc
cc/00000233.jpg,cc
cc/00000027.jpg,cc
cc/00000374.jpg,cc
cc/00000227.jpg,cc
cc/00000038.jpg,cc
cc/00000428.jpg,cc
cc/00000040.jpg,cc
cc/00000144.jpg,cc
cc/00000090.jpg,cc
cc/00000036.jpg,cc
cc/00000246.jpg,cc
cc/00000356.jpg,cc
cc/00000060.jpg,cc
cc/00000311.jpg,cc
cc/00000020.jpg,cc
cc/00000397.jpg,cc
cc/00000119.jpg,cc
cc/00000355.jpg,cc
cc/00000299.jpg,cc
cc/00000391.jpg,cc
cc/00000086.jpg,cc
cc/00000167.jpg,cc
cc/00000292.jpg,cc
cc/00000159.jpg,cc
cc/00000172.jpg,cc
cc/00000294.jpg,cc
cc/00000206.jpg,cc
cc/00000232.jpg,cc
cc/00000165.jpg,cc
cc/00000424.jpg,cc
cc/00000113.jpg,cc
cc/00000418.jpg,cc
cc/00000379.jpg,cc
cc/00000105.jpg,cc
cc/00000330.jpg,cc
cc/00000183.jpg,cc
cc/00000309.jpg,cc
cc/00000293.jpg,cc
cc/00000394.jpg,cc
cc/00000006.jpg,cc
cc/00000405.jpg,cc
cc/00000147.jpg,cc
cc/00000229.jpg,cc
cc/00000249.jpg,cc
cc/00000251.jpg,cc
cc/00000346.jpg,cc
cc/00000364.jpg,cc
cc/00000369.jpg,cc
cc/00000023.jpg,cc
cc/00000212.jpg,cc
cc/00000316.jpg,cc
cc/00000046.jpg,cc
cc/00000076.jpg,cc
cc/00000061.jpg,cc
cc/00000032.jpg,cc
cc/00000013.jpg,cc
cc/00000375.jpg,cc
cc/00000191.jpg,cc
cc/00000116.jpg,cc
cc/00000102.jpg,cc
cc/00000073.jpg,cc
cc/00000286.jpg,cc
cc/00000156.jpg,cc
cc/00000129.jpg,cc
cc/00000413.jpg,cc
cc/00000063.jpg,cc
cc/00000112.jpg,cc
cc/00000010.jpg,cc
cc/00000281.jpg,cc
cc/00000313.jpg,cc
cc/00000079.jpg,cc
cc/00000211.jpg,cc
cc/00000340.jpg,cc
cc/00000301.jpg,cc
cc/00000378.jpg,cc
cc/00000400.jpg,cc
cc/00000103.jpg,cc
cc/00000373.jpg,cc
cc/00000123.jpg,cc
cc/00000210.jpg,cc
cc/00000053.jpg,cc
cc/00000226.jpg,cc
cc/00000082.jpg,cc
cc/00000410.jpg,cc
cc/00000065.jpg,cc
cc/00000277.jpg,cc
cc/00000042.jpg,cc
cc/00000168.jpg,cc
cc/00000184.jpg,cc
cc/00000317.jpg,cc
cc/00000213.jpg,cc
cc/00000207.jpg,cc
cc/00000148.jpg,cc
cc/00000099.jpg,cc
cc/00000025.jpg,cc
cc/00000085.jpg,cc
cc/00000028.jpg,cc
cc/00000104.jpg,cc
cc/00000430.jpg,cc
cc/00000360.jpg,cc
cc/00000091.jpg,cc
cc/00000276.jpg,cc
cc/00000239.jpg,cc
cc/00000429.jpg,cc
cc/00000024.jpg,cc
cc/00000139.jpg,cc
cc/00000361.jpg,cc
cc/00000431.jpg,cc
cc/00000152.jpg,cc
cc/00000320.jpg,cc
cc/00000077.jpg,cc
cc/00000198.jpg,cc
cc/00000224.jpg,cc
cc/00000368.jpg,cc
cc/00000437.jpg,cc
cc/00000403.jpg,cc
cc/00000163.jpg,cc
cc/00000043.jpg,cc
cc/00000118.jpg,cc
cc/00000215.jpg,cc
cc/00000204.jpg,cc
cc/00000444.jpg,cc
cc/00000121.jpg,cc
cc/00000237.jpg,cc
cc/00000018.jpg,cc
cc/00000264.jpg,cc
cc/00000122.jpg,cc
cc/00000190.jpg,cc
cc/00000026.jpg,cc
cc/00000047.jpg,cc
cc/00000216.jpg,cc
cc/00000241.jpg,cc
cc/00000415.jpg,cc
cc/00000421.jpg,cc
cc/00000146.jpg,cc
cc/00000064.jpg,cc
cc/00000070.jpg,cc
cc/00000132.jpg,cc
cc/00000005.jpg,cc
cc/00000166.jpg,cc
cc/00000192.jpg,cc
cc/00000284.jpg,cc
cc/00000353.jpg,cc
cc/00000111.jpg,cc
cc/00000067.jpg,cc
cc/00000178.jpg,cc
cc/00000171.jpg,cc
cc/00000209.jpg,cc
cc/00000155.jpg,cc
cc/00000057.jpg,cc
cc/00000007.jpg,cc
cc/00000034.jpg,cc
cc/00000393.jpg,cc
cc/00000017.jpg,cc
cc/00000217.jpg,cc
cc/00000051.jpg,cc
cc/00000001.jpg,cc
cc/00000432.jpg,cc
cc/00000093.jpg,cc
cc/00000039.jpg,cc
cc/00000143.jpg,cc
cc/00000263.jpg,cc
cc/00000329.jpg,cc
cc/00000195.jpg,cc
cc/00000335.jpg,cc
cc/00000319.jpg,cc
cc/00000014.jpg,cc
cc/00000000.jpg,cc
cc/00000238.jpg,cc
cc/00000332.jpg,cc
cc/00000180.jpg,cc
cc/00000290.jpg,cc
cc/00000062.jpg,cc
cc/00000048.jpg,cc
cc/00000254.jpg,cc
cc/00000096.jpg,cc
cc/00000173.jpg,cc
cc/00000333.jpg,cc
cc/00000278.jpg,cc
cc/00000016.jpg,cc
cc/00000262.jpg,cc
cc/00000114.jpg,cc
cc/00000203.jpg,cc
cc/00000225.jpg,cc
cc/00000401.jpg,cc
cc/00000058.jpg,cc
cc/00000201.jpg,cc
cc/00000044.jpg,cc
cc/00000197.jpg,cc
cc/00000388.jpg,cc
cc/00000310.jpg,cc
cc/00000083.jpg,cc
cc/00000031.jpg,cc
cc/00000417.jpg,cc
cuCon/00000312.jpg,cuCon
cuCon/00000174.jpg,cuCon
cuCon/00000068.jpg,cuCon
cuCon/00000339.jpg,cuCon
cuCon/00000092.jpg,cuCon
cuCon/00000188.jpg,cuCon
cuCon/00000056.jpg,cuCon
cuCon/00000425.jpg,cuCon
cuCon/00000377.jpg,cuCon
cuCon/00000107.jpg,cuCon
cuCon/00000358.jpg,cuCon
cuCon/00000395.jpg,cuCon
cuCon/00000283.jpg,cuCon
cuCon/00000154.jpg,cuCon
cuCon/00000274.jpg,cuCon
cuCon/00000187.jpg,cuCon
cuCon/00000266.jpg,cuCon
cuCon/00000419.jpg,cuCon
cuCon/00000372.jpg,cuCon
cuCon/00000352.jpg,cuCon
cuCon/00000257.jpg,cuCon
cuCon/00000098.jpg,cuCon
cuCon/00000149.jpg,cuCon
cuCon/00000199.jpg,cuCon
cuCon/00000142.jpg,cuCon
cuCon/00000298.jpg,cuCon
cuCon/00000247.jpg,cuCon
cuCon/00000347.jpg,cuCon
cuCon/00000296.jpg,cuCon
cuCon/00000384.jpg,cuCon
cuCon/00000078.jpg,cuCon
cuCon/00000348.jpg,cuCon
cuCon/00000381.jpg,cuCon
cuCon/00000002.jpg,cuCon
cuCon/00000097.jpg,cuCon
cuCon/00000392.jpg,cuCon
cuCon/00000325.jpg,cuCon
cuCon/00000066.jpg,cuCon
cuCon/00000124.jpg,cuCon
cuCon/00000291.jpg,cuCon
cuCon/00000035.jpg,cuCon
cuCon/00000185.jpg,cuCon
cuCon/00000205.jpg,cuCon
cuCon/00000170.jpg,cuCon
cuCon/00000306.jpg,cuCon
cuCon/00000089.jpg,cuCon
cuCon/00000130.jpg,cuCon
cuCon/00000186.jpg,cuCon
cuCon/00000033.jpg,cuCon
cuCon/00000362.jpg,cuCon
cuCon/00000196.jpg,cuCon
cuCon/00000228.jpg,cuCon
cuCon/00000015.jpg,cuCon
cuCon/00000411.jpg,cuCon
cuCon/00000126.jpg,cuCon
cuCon/00000220.jpg,cuCon
cuCon/00000120.jpg,cuCon
cuCon/00000011.jpg,cuCon
cuCon/00000164.jpg,cuCon
cuCon/00000314.jpg,cuCon
cuCon/00000253.jpg,cuCon
cuCon/00000252.jpg,cuCon
cuCon/00000052.jpg,cuCon
cuCon/00000295.jpg,cuCon
cuCon/00000108.jpg,cuCon
cuCon/00000003.jpg,cuCon
cuCon/00000075.jpg,cuCon
cuCon/00000315.jpg,cuCon
cuCon/00000240.jpg,cuCon
cuCon/00000161.jpg,cuCon
cuCon/00000434.jpg,cuCon
cuCon/00000008.jpg,cuCon
cuCon/00000050.jpg,cuCon
cuCon/00000258.jpg,cuCon
cuCon/00000248.jpg,cuCon
cuCon/00000367.jpg,cuCon
cuCon/00000117.jpg,cuCon
cuCon/00000344.jpg,cuCon
cuCon/00000370.jpg,cuCon
cuCon/00000218.jpg,cuCon
cuCon/00000433.jpg,cuCon
cuCon/00000349.jpg,cuCon
cuCon/00000177.jpg,cuCon
cuCon/00000208.jpg,cuCon
cuCon/00000175.jpg,cuCon
cuCon/00000351.jpg,cuCon
cuCon/00000270.jpg,cuCon
cuCon/00000438.jpg,cuCon
cuCon/00000131.jpg,cuCon
cuCon/00000222.jpg,cuCon
cuCon/00000303.jpg,cuCon
cuCon/00000106.jpg,cuCon
cuCon/00000055.jpg,cuCon
cuCon/00000160.jpg,cuCon
cuCon/00000194.jpg,cuCon
cuCon/00000242.jpg,cuCon
cuCon/00000440.jpg,cuCon
cuCon/00000357.jpg,cuCon
cuCon/00000219.jpg,cuCon
cuCon/00000151.jpg,cuCon
cuCon/00000071.jpg,cuCon
cuCon/00000305.jpg,cuCon
cuCon/00000396.jpg,cuCon
cuCon/00000342.jpg,cuCon
cuCon/00000125.jpg,cuCon
cuCon/00000275.jpg,cuCon
cuCon/00000402.jpg,cuCon
cuCon/00000350.jpg,cuCon
cuCon/00000341.jpg,cuCon
cuCon/00000336.jpg,cuCon
cuCon/00000223.jpg,cuCon
cuCon/00000260.jpg,cuCon
cuCon/00000289.jpg,cuCon
cuCon/00000297.jpg,cuCon
cuCon/00000322.jpg,cuCon
cuCon/00000021.jpg,cuCon
cuCon/00000128.jpg,cuCon
cuCon/00000382.jpg,cuCon
cuCon/00000140.jpg,cuCon
cuCon/00000069.jpg,cuCon
cuCon/00000259.jpg,cuCon
cuCon/00000427.jpg,cuCon
cuCon/00000115.jpg,cuCon
cuCon/00000324.jpg,cuCon
cuCon/00000272.jpg,cuCon
cuCon/00000245.jpg,cuCon
cuCon/00000045.jpg,cuCon
cuCon/00000135.jpg,cuCon
cuCon/00000398.jpg,cuCon
cuCon/00000169.jpg,cuCon
cuCon/00000193.jpg,cuCon
cuCon/00000280.jpg,cuCon
cuCon/00000019.jpg,cuCon
cuCon/00000200.jpg,cuCon
cuCon/00000022.jpg,cuCon
cuCon/00000162.jpg,cuCon
cuCon/00000236.jpg,cuCon
cuCon/00000133.jpg,cuCon
cuCon/00000088.jpg,cuCon
cuCon/00000059.jpg,cuCon
cuCon/00000273.jpg,cuCon
cuCon/00000153.jpg,cuCon
cuCon/00000269.jpg,cuCon
cuCon/00000181.jpg,cuCon
cuCon/00000095.jpg,cuCon
cuCon/00000101.jpg,cuCon
cuCon/00000406.jpg,cuCon
cuCon/00000414.jpg,cuCon
cuCon/00000380.jpg,cuCon
cuCon/00000441.jpg,cuCon
cuCon/00000221.jpg,cuCon
cuCon/00000267.jpg,cuCon
cuCon/00000054.jpg,cuCon
cuCon/00000323.jpg,cuCon
cuCon/00000390.jpg,cuCon
cuCon/00000420.jpg,cuCon
cuCon/00000337.jpg,cuCon
cuCon/00000385.jpg,cuCon
cuCon/00000285.jpg,cuCon
cuCon/00000376.jpg,cuCon
cuCon/00000261.jpg,cuCon
cuCon/00000137.jpg,cuCon
cuCon/00000300.jpg,cuCon
cuCon/00000037.jpg,cuCon
cuCon/00000084.jpg,cuCon
cuCon/00000094.jpg,cuCon
cuCon/00000442.jpg,cuCon
cuCon/00000389.jpg,cuCon
cuCon/00000279.jpg,cuCon
cuCon/00000145.jpg,cuCon
cuCon/00000134.jpg,cuCon
cuCon/00000408.jpg,cuCon
cuCon/00000189.jpg,cuCon
cuCon/00000110.jpg,cuCon
cuCon/00000328.jpg,cuCon
cuCon/00000109.jpg,cuCon
cuCon/00000009.jpg,cuCon
cuCon/00000081.jpg,cuCon
cuCon/00000074.jpg,cuCon
cuCon/00000288.jpg,cuCon
cuCon/00000230.jpg,cuCon
cuCon/00000136.jpg,cuCon
cuCon/00000416.jpg,cuCon
cuCon/00000366.jpg,cuCon
cuCon/00000182.jpg,cuCon
cuCon/00000256.jpg,cuCon
cuCon/00000354.jpg,cuCon
cuCon/00000386.jpg,cuCon
cuCon/00000234.jpg,cuCon
cuCon/00000282.jpg,cuCon
cuCon/00000304.jpg,cuCon
cuCon/00000080.jpg,cuCon
cuCon/00000049.jpg,cuCon
cuCon/00000399.jpg,cuCon
cuCon/00000072.jpg,cuCon
cuCon/00000321.jpg,cuCon
cuCon/00000327.jpg,cuCon
cuCon/00000202.jpg,cuCon
cuCon/00000030.jpg,cuCon
cuCon/00000012.jpg,cuCon
cuCon/00000179.jpg,cuCon
cuCon/00000265.jpg,cuCon
cuCon/00000404.jpg,cuCon
cuCon/00000150.jpg,cuCon
cuCon/00000231.jpg,cuCon
cuCon/00000087.jpg,cuCon
cuCon/00000407.jpg,cuCon
cuCon/00000029.jpg,cuCon
cuCon/00000127.jpg,cuCon
cuCon/00000318.jpg,cuCon
cuCon/00000307.jpg,cuCon
cuCon/00000004.jpg,cuCon
cuCon/00000250.jpg,cuCon
cuCon/00000041.jpg,cuCon
cuCon/00000302.jpg,cuCon
cuCon/00000214.jpg,cuCon
cuCon/00000243.jpg,cuCon
cuCon/00000365.jpg,cuCon
cuCon/00000233.jpg,cuCon
cuCon/00000027.jpg,cuCon
cuCon/00000374.jpg,cuCon
cuCon/00000227.jpg,cuCon
cuCon/00000038.jpg,cuCon
cuCon/00000428.jpg,cuCon
cuCon/00000040.jpg,cuCon
cuCon/00000138.jpg,cuCon
cuCon/00000144.jpg,cuCon
cuCon/00000090.jpg,cuCon
cuCon/00000036.jpg,cuCon
cuCon/00000246.jpg,cuCon
cuCon/00000060.jpg,cuCon
cuCon/00000311.jpg,cuCon
cuCon/00000020.jpg,cuCon
cuCon/00000397.jpg,cuCon
cuCon/00000119.jpg,cuCon
cuCon/00000355.jpg,cuCon
cuCon/00000338.jpg,cuCon
cuCon/00000299.jpg,cuCon
cuCon/00000391.jpg,cuCon
cuCon/00000086.jpg,cuCon
cuCon/00000167.jpg,cuCon
cuCon/00000292.jpg,cuCon
cuCon/00000326.jpg,cuCon
cuCon/00000159.jpg,cuCon
cuCon/00000172.jpg,cuCon
cuCon/00000206.jpg,cuCon
cuCon/00000232.jpg,cuCon
cuCon/00000165.jpg,cuCon
cuCon/00000424.jpg,cuCon
cuCon/00000113.jpg,cuCon
cuCon/00000418.jpg,cuCon
cuCon/00000379.jpg,cuCon
cuCon/00000105.jpg,cuCon
cuCon/00000330.jpg,cuCon
cuCon/00000183.jpg,cuCon
cuCon/00000309.jpg,cuCon
cuCon/00000293.jpg,cuCon
cuCon/00000394.jpg,cuCon
cuCon/00000006.jpg,cuCon
cuCon/00000345.jpg,cuCon
cuCon/00000405.jpg,cuCon
cuCon/00000147.jpg,cuCon
cuCon/00000229.jpg,cuCon
cuCon/00000249.jpg,cuCon
cuCon/00000251.jpg,cuCon
cuCon/00000346.jpg,cuCon
cuCon/00000364.jpg,cuCon
cuCon/00000369.jpg,cuCon
cuCon/00000023.jpg,cuCon
cuCon/00000212.jpg,cuCon
cuCon/00000316.jpg,cuCon
cuCon/00000046.jpg,cuCon
cuCon/00000076.jpg,cuCon
cuCon/00000061.jpg,cuCon
cuCon/00000032.jpg,cuCon
cuCon/00000013.jpg,cuCon
cuCon/00000375.jpg,cuCon
cuCon/00000191.jpg,cuCon
cuCon/00000116.jpg,cuCon
cuCon/00000102.jpg,cuCon
cuCon/00000073.jpg,cuCon
cuCon/00000286.jpg,cuCon
cuCon/00000156.jpg,cuCon
cuCon/00000129.jpg,cuCon
cuCon/00000413.jpg,cuCon
cuCon/00000063.jpg,cuCon
cuCon/00000112.jpg,cuCon
cuCon/00000010.jpg,cuCon
cuCon/00000387.jpg,cuCon
cuCon/00000281.jpg,cuCon
cuCon/00000313.jpg,cuCon
cuCon/00000079.jpg,cuCon
cuCon/00000211.jpg,cuCon
cuCon/00000340.jpg,cuCon
cuCon/00000301.jpg,cuCon
cuCon/00000378.jpg,cuCon
cuCon/00000400.jpg,cuCon
cuCon/00000103.jpg,cuCon
cuCon/00000373.jpg,cuCon
cuCon/00000123.jpg,cuCon
cuCon/00000271.jpg,cuCon
cuCon/00000210.jpg,cuCon
cuCon/00000053.jpg,cuCon
cuCon/00000226.jpg,cuCon
cuCon/00000082.jpg,cuCon
cuCon/00000410.jpg,cuCon
cuCon/00000065.jpg,cuCon
cuCon/00000277.jpg,cuCon
cuCon/00000042.jpg,cuCon
cuCon/00000168.jpg,cuCon
cuCon/00000184.jpg,cuCon
cuCon/00000317.jpg,cuCon
cuCon/00000213.jpg,cuCon
cuCon/00000207.jpg,cuCon
cuCon/00000148.jpg,cuCon
cuCon/00000099.jpg,cuCon
cuCon/00000025.jpg,cuCon
cuCon/00000085.jpg,cuCon
cuCon/00000028.jpg,cuCon
cuCon/00000104.jpg,cuCon
cuCon/00000360.jpg,cuCon
cuCon/00000383.jpg,cuCon
cuCon/00000091.jpg,cuCon
cuCon/00000276.jpg,cuCon
cuCon/00000239.jpg,cuCon
cuCon/00000429.jpg,cuCon
cuCon/00000024.jpg,cuCon
cuCon/00000139.jpg,cuCon
cuCon/00000361.jpg,cuCon
cuCon/00000431.jpg,cuCon
cuCon/00000152.jpg,cuCon
cuCon/00000320.jpg,cuCon
cuCon/00000077.jpg,cuCon
cuCon/00000224.jpg,cuCon
cuCon/00000368.jpg,cuCon
cuCon/00000423.jpg,cuCon
cuCon/00000437.jpg,cuCon
cuCon/00000403.jpg,cuCon
cuCon/00000412.jpg,cuCon
cuCon/00000163.jpg,cuCon
cuCon/00000043.jpg,cuCon
cuCon/00000118.jpg,cuCon
cuCon/00000215.jpg,cuCon
cuCon/00000204.jpg,cuCon
cuCon/00000235.jpg,cuCon
cuCon/00000121.jpg,cuCon
cuCon/00000141.jpg,cuCon
cuCon/00000237.jpg,cuCon
cuCon/00000018.jpg,cuCon
cuCon/00000264.jpg,cuCon
cuCon/00000122.jpg,cuCon
cuCon/00000190.jpg,cuCon
cuCon/00000026.jpg,cuCon
cuCon/00000047.jpg,cuCon
cuCon/00000255.jpg,cuCon
cuCon/00000216.jpg,cuCon
cuCon/00000241.jpg,cuCon
cuCon/00000415.jpg,cuCon
cuCon/00000421.jpg,cuCon
cuCon/00000146.jpg,cuCon
cuCon/00000064.jpg,cuCon
cuCon/00000070.jpg,cuCon
cuCon/00000132.jpg,cuCon
cuCon/00000005.jpg,cuCon
cuCon/00000166.jpg,cuCon
cuCon/00000436.jpg,cuCon
cuCon/00000192.jpg,cuCon
cuCon/00000284.jpg,cuCon
cuCon/00000353.jpg,cuCon
cuCon/00000111.jpg,cuCon
cuCon/00000268.jpg,cuCon
cuCon/00000067.jpg,cuCon
cuCon/00000178.jpg,cuCon
cuCon/00000171.jpg,cuCon
cuCon/00000209.jpg,cuCon
cuCon/00000155.jpg,cuCon
cuCon/00000057.jpg,cuCon
cuCon/00000007.jpg,cuCon
cuCon/00000287.jpg,cuCon
cuCon/00000034.jpg,cuCon
cuCon/00000393.jpg,cuCon
cuCon/00000017.jpg,cuCon
cuCon/00000217.jpg,cuCon
cuCon/00000051.jpg,cuCon
cuCon/00000001.jpg,cuCon
cuCon/00000432.jpg,cuCon
cuCon/00000308.jpg,cuCon
cuCon/00000093.jpg,cuCon
cuCon/00000039.jpg,cuCon
cuCon/00000143.jpg,cuCon
cuCon/00000263.jpg,cuCon
cuCon/00000329.jpg,cuCon
cuCon/00000195.jpg,cuCon
cuCon/00000157.jpg,cuCon
cuCon/00000343.jpg,cuCon
cuCon/00000319.jpg,cuCon
cuCon/00000014.jpg,cuCon
cuCon/00000100.jpg,cuCon
cuCon/00000000.jpg,cuCon
cuCon/00000238.jpg,cuCon
cuCon/00000332.jpg,cuCon
cuCon/00000180.jpg,cuCon
cuCon/00000290.jpg,cuCon
cuCon/00000062.jpg,cuCon
cuCon/00000048.jpg,cuCon
cuCon/00000363.jpg,cuCon
cuCon/00000254.jpg,cuCon
cuCon/00000096.jpg,cuCon
cuCon/00000173.jpg,cuCon
cuCon/00000331.jpg,cuCon
cuCon/00000333.jpg,cuCon
cuCon/00000278.jpg,cuCon
cuCon/00000016.jpg,cuCon
cuCon/00000158.jpg,cuCon
cuCon/00000262.jpg,cuCon
cuCon/00000114.jpg,cuCon
cuCon/00000203.jpg,cuCon
cuCon/00000225.jpg,cuCon
cuCon/00000401.jpg,cuCon
cuCon/00000058.jpg,cuCon
cuCon/00000201.jpg,cuCon
cuCon/00000044.jpg,cuCon
cuCon/00000197.jpg,cuCon
cuCon/00000388.jpg,cuCon
cuCon/00000310.jpg,cuCon
cuCon/00000083.jpg,cuCon
cuCon/00000031.jpg,cuCon
cuCon/00000417.jpg,cuCon
cu/00000312.jpg,cu
cu/00000174.jpg,cu
cu/00000068.jpg,cu
cu/00000339.jpg,cu
cu/00000092.jpg,cu
cu/00000188.jpg,cu
cu/00000056.jpg,cu
cu/00000425.jpg,cu
cu/00000377.jpg,cu
cu/00000107.jpg,cu
cu/00000358.jpg,cu
cu/00000395.jpg,cu
cu/00000283.jpg,cu
cu/00000154.jpg,cu
cu/00000409.jpg,cu
cu/00000483.jpg,cu
cu/00000274.jpg,cu
cu/00000187.jpg,cu
cu/00000266.jpg,cu
cu/00000443.jpg,cu
cu/00000419.jpg,cu
cu/00000372.jpg,cu
cu/00000359.jpg,cu
cu/00000257.jpg,cu
cu/00000504.jpg,cu
cu/00000496.jpg,cu
cu/00000098.jpg,cu
cu/00000149.jpg,cu
cu/00000199.jpg,cu
cu/00000142.jpg,cu
cu/00000298.jpg,cu
cu/00000464.jpg,cu
cu/00000247.jpg,cu
cu/00000347.jpg,cu
cu/00000296.jpg,cu
cu/00000384.jpg,cu
cu/00000078.jpg,cu
cu/00000452.jpg,cu
cu/00000381.jpg,cu
cu/00000002.jpg,cu
cu/00000097.jpg,cu
cu/00000392.jpg,cu
cu/00000325.jpg,cu
cu/00000066.jpg,cu
cu/00000124.jpg,cu
cu/00000291.jpg,cu
cu/00000035.jpg,cu
cu/00000185.jpg,cu
cu/00000205.jpg,cu
cu/00000499.jpg,cu
cu/00000170.jpg,cu
cu/00000306.jpg,cu
cu/00000089.jpg,cu
cu/00000493.jpg,cu
cu/00000475.jpg,cu
cu/00000186.jpg,cu
cu/00000033.jpg,cu
cu/00000362.jpg,cu
cu/00000196.jpg,cu
cu/00000228.jpg,cu
cu/00000015.jpg,cu
cu/00000411.jpg,cu
cu/00000126.jpg,cu
cu/00000220.jpg,cu
cu/00000120.jpg,cu
cu/00000334.jpg,cu
cu/00000011.jpg,cu
cu/00000164.jpg,cu
cu/00000314.jpg,cu
cu/00000253.jpg,cu
cu/00000252.jpg,cu
cu/00000052.jpg,cu
cu/00000453.jpg,cu
cu/00000461.jpg,cu
cu/00000295.jpg,cu
cu/00000108.jpg,cu
cu/00000003.jpg,cu
cu/00000075.jpg,cu
cu/00000484.jpg,cu
cu/00000315.jpg,cu
cu/00000240.jpg,cu
cu/00000161.jpg,cu
cu/00000446.jpg,cu
cu/00000434.jpg,cu
cu/00000008.jpg,cu
cu/00000050.jpg,cu
cu/00000248.jpg,cu
cu/00000367.jpg,cu
cu/00000117.jpg,cu
cu/00000501.jpg,cu
cu/00000497.jpg,cu
cu/00000344.jpg,cu
cu/00000370.jpg,cu
cu/00000218.jpg,cu
cu/00000433.jpg,cu
cu/00000485.jpg,cu
cu/00000349.jpg,cu
cu/00000177.jpg,cu
cu/00000208.jpg,cu
cu/00000175.jpg,cu
cu/00000450.jpg,cu
cu/00000351.jpg,cu
cu/00000270.jpg,cu
cu/00000438.jpg,cu
cu/00000131.jpg,cu
cu/00000222.jpg,cu
cu/00000303.jpg,cu
cu/00000106.jpg,cu
cu/00000055.jpg,cu
cu/00000160.jpg,cu
cu/00000194.jpg,cu
cu/00000242.jpg,cu
cu/00000440.jpg,cu
cu/00000357.jpg,cu
cu/00000219.jpg,cu
cu/00000151.jpg,cu
cu/00000071.jpg,cu
cu/00000305.jpg,cu
cu/00000479.jpg,cu
cu/00000447.jpg,cu
cu/00000396.jpg,cu
cu/00000342.jpg,cu
cu/00000494.jpg,cu
cu/00000125.jpg,cu
cu/00000275.jpg,cu
cu/00000466.jpg,cu
cu/00000402.jpg,cu
cu/00000350.jpg,cu
cu/00000341.jpg,cu
cu/00000336.jpg,cu
cu/00000223.jpg,cu
cu/00000260.jpg,cu
cu/00000289.jpg,cu
cu/00000297.jpg,cu
cu/00000322.jpg,cu
cu/00000021.jpg,cu
cu/00000128.jpg,cu
cu/00000382.jpg,cu
cu/00000140.jpg,cu
cu/00000069.jpg,cu
cu/00000435.jpg,cu
cu/00000462.jpg,cu
cu/00000259.jpg,cu
cu/00000427.jpg,cu
cu/00000500.jpg,cu
cu/00000115.jpg,cu
cu/00000324.jpg,cu
cu/00000272.jpg,cu
cu/00000487.jpg,cu
cu/00000245.jpg,cu
cu/00000045.jpg,cu
cu/00000135.jpg,cu
cu/00000398.jpg,cu
cu/00000169.jpg,cu
cu/00000193.jpg,cu
cu/00000280.jpg,cu
cu/00000019.jpg,cu
cu/00000200.jpg,cu
cu/00000022.jpg,cu
cu/00000162.jpg,cu
cu/00000236.jpg,cu
cu/00000133.jpg,cu
cu/00000480.jpg,cu
cu/00000088.jpg,cu
cu/00000059.jpg,cu
cu/00000273.jpg,cu
cu/00000153.jpg,cu
cu/00000269.jpg,cu
cu/00000181.jpg,cu
cu/00000095.jpg,cu
cu/00000101.jpg,cu
cu/00000486.jpg,cu
cu/00000406.jpg,cu
cu/00000414.jpg,cu
cu/00000380.jpg,cu
cu/00000221.jpg,cu
cu/00000482.jpg,cu
cu/00000267.jpg,cu
cu/00000054.jpg,cu
cu/00000323.jpg,cu
cu/00000390.jpg,cu
cu/00000420.jpg,cu
cu/00000473.jpg,cu
cu/00000337.jpg,cu
cu/00000385.jpg,cu
cu/00000285.jpg,cu
cu/00000445.jpg,cu
cu/00000376.jpg,cu
cu/00000261.jpg,cu
cu/00000137.jpg,cu
cu/00000300.jpg,cu
cu/00000037.jpg,cu
cu/00000084.jpg,cu
cu/00000094.jpg,cu
cu/00000442.jpg,cu
cu/00000389.jpg,cu
cu/00000459.jpg,cu
cu/00000279.jpg,cu
cu/00000145.jpg,cu
cu/00000134.jpg,cu
cu/00000408.jpg,cu
cu/00000189.jpg,cu
cu/00000110.jpg,cu
cu/00000328.jpg,cu
cu/00000109.jpg,cu
cu/00000009.jpg,cu
cu/00000244.jpg,cu
cu/00000081.jpg,cu
cu/00000074.jpg,cu
cu/00000288.jpg,cu
cu/00000230.jpg,cu
cu/00000136.jpg,cu
cu/00000422.jpg,cu
cu/00000416.jpg,cu
cu/00000182.jpg,cu
cu/00000256.jpg,cu
cu/00000354.jpg,cu
cu/00000386.jpg,cu
cu/00000234.jpg,cu
cu/00000439.jpg,cu
cu/00000176.jpg,cu
cu/00000451.jpg,cu
cu/00000282.jpg,cu
cu/00000304.jpg,cu
cu/00000080.jpg,cu
cu/00000449.jpg,cu
cu/00000049.jpg,cu
cu/00000399.jpg,cu
cu/00000072.jpg,cu
cu/00000327.jpg,cu
cu/00000202.jpg,cu
cu/00000030.jpg,cu
cu/00000012.jpg,cu
cu/00000179.jpg,cu
cu/00000265.jpg,cu
cu/00000404.jpg,cu
cu/00000150.jpg,cu
cu/00000231.jpg,cu
cu/00000087.jpg,cu
cu/00000407.jpg,cu
cu/00000029.jpg,cu
cu/00000127.jpg,cu
cu/00000318.jpg,cu
cu/00000307.jpg,cu
cu/00000004.jpg,cu
cu/00000250.jpg,cu
cu/00000041.jpg,cu
cu/00000498.jpg,cu
cu/00000302.jpg,cu
cu/00000371.jpg,cu
cu/00000214.jpg,cu
cu/00000243.jpg,cu
cu/00000365.jpg,cu
cu/00000027.jpg,cu
cu/00000374.jpg,cu
cu/00000227.jpg,cu
cu/00000038.jpg,cu
cu/00000428.jpg,cu
cu/00000040.jpg,cu
cu/00000138.jpg,cu
cu/00000144.jpg,cu
cu/00000090.jpg,cu
cu/00000036.jpg,cu
cu/00000246.jpg,cu
cu/00000356.jpg,cu
cu/00000060.jpg,cu
cu/00000311.jpg,cu
cu/00000020.jpg,cu
cu/00000397.jpg,cu
cu/00000119.jpg,cu
cu/00000355.jpg,cu
cu/00000338.jpg,cu
cu/00000299.jpg,cu
cu/00000391.jpg,cu
cu/00000086.jpg,cu
cu/00000167.jpg,cu
cu/00000292.jpg,cu
cu/00000159.jpg,cu
cu/00000172.jpg,cu
cu/00000294.jpg,cu
cu/00000206.jpg,cu
cu/00000232.jpg,cu
cu/00000165.jpg,cu
cu/00000458.jpg,cu
cu/00000424.jpg,cu
cu/00000113.jpg,cu
cu/00000418.jpg,cu
cu/00000379.jpg,cu
cu/00000105.jpg,cu
cu/00000330.jpg,cu
cu/00000183.jpg,cu
cu/00000309.jpg,cu
cu/00000293.jpg,cu
cu/00000394.jpg,cu
cu/00000006.jpg,cu
cu/00000503.jpg,cu
cu/00000345.jpg,cu
cu/00000405.jpg,cu
cu/00000147.jpg,cu
cu/00000229.jpg,cu
cu/00000251.jpg,cu
cu/00000346.jpg,cu
cu/00000364.jpg,cu
cu/00000369.jpg,cu
cu/00000023.jpg,cu
cu/00000477.jpg,cu
cu/00000212.jpg,cu
cu/00000316.jpg,cu
cu/00000468.jpg,cu
cu/00000478.jpg,cu
cu/00000046.jpg,cu
cu/00000076.jpg,cu
cu/00000061.jpg,cu
cu/00000032.jpg,cu
cu/00000013.jpg,cu
cu/00000375.jpg,cu
cu/00000471.jpg,cu
cu/00000191.jpg,cu
cu/00000116.jpg,cu
cu/00000102.jpg,cu
cu/00000073.jpg,cu
cu/00000286.jpg,cu
cu/00000492.jpg,cu
cu/00000156.jpg,cu
cu/00000129.jpg,cu
cu/00000413.jpg,cu
cu/00000063.jpg,cu
cu/00000112.jpg,cu
cu/00000010.jpg,cu
cu/00000387.jpg,cu
cu/00000281.jpg,cu
cu/00000505.jpg,cu
cu/00000313.jpg,cu
cu/00000079.jpg,cu
cu/00000211.jpg,cu
cu/00000340.jpg,cu
cu/00000301.jpg,cu
cu/00000378.jpg,cu
cu/00000400.jpg,cu
cu/00000103.jpg,cu
cu/00000271.jpg,cu
cu/00000210.jpg,cu
cu/00000226.jpg,cu
cu/00000467.jpg,cu
cu/00000082.jpg,cu
cu/00000472.jpg,cu
cu/00000065.jpg,cu
cu/00000277.jpg,cu
cu/00000042.jpg,cu
cu/00000168.jpg,cu
cu/00000184.jpg,cu
cu/00000317.jpg,cu
cu/00000454.jpg,cu
cu/00000469.jpg,cu
cu/00000213.jpg,cu
cu/00000099.jpg,cu
cu/00000025.jpg,cu
cu/00000085.jpg,cu
cu/00000028.jpg,cu
cu/00000104.jpg,cu
cu/00000430.jpg,cu
cu/00000360.jpg,cu
cu/00000383.jpg,cu
cu/00000091.jpg,cu
cu/00000276.jpg,cu
cu/00000239.jpg,cu
cu/00000460.jpg,cu
cu/00000429.jpg,cu
cu/00000024.jpg,cu
cu/00000139.jpg,cu
cu/00000361.jpg,cu
cu/00000431.jpg,cu
cu/00000152.jpg,cu
cu/00000502.jpg,cu
cu/00000320.jpg,cu
cu/00000077.jpg,cu
cu/00000198.jpg,cu
cu/00000506.jpg,cu
cu/00000224.jpg,cu
cu/00000368.jpg,cu
cu/00000423.jpg,cu
cu/00000437.jpg,cu
cu/00000403.jpg,cu
cu/00000412.jpg,cu
cu/00000163.jpg,cu
cu/00000043.jpg,cu
cu/00000118.jpg,cu
cu/00000204.jpg,cu
cu/00000235.jpg,cu
cu/00000444.jpg,cu
cu/00000121.jpg,cu
cu/00000141.jpg,cu
cu/00000018.jpg,cu
cu/00000264.jpg,cu
cu/00000122.jpg,cu
cu/00000190.jpg,cu
cu/00000457.jpg,cu
cu/00000026.jpg,cu
cu/00000047.jpg,cu
cu/00000255.jpg,cu
cu/00000216.jpg,cu
cu/00000241.jpg,cu
cu/00000415.jpg,cu
cu/00000421.jpg,cu
cu/00000146.jpg,cu
cu/00000064.jpg,cu
cu/00000070.jpg,cu
cu/00000132.jpg,cu
cu/00000495.jpg,cu
cu/00000005.jpg,cu
cu/00000166.jpg,cu
cu/00000436.jpg,cu
cu/00000192.jpg,cu
cu/00000284.jpg,cu
cu/00000353.jpg,cu
cu/00000111.jpg,cu
cu/00000268.jpg,cu
cu/00000067.jpg,cu
cu/00000178.jpg,cu
cu/00000171.jpg,cu
cu/00000209.jpg,cu
cu/00000155.jpg,cu
cu/00000007.jpg,cu
cu/00000287.jpg,cu
cu/00000034.jpg,cu
cu/00000393.jpg,cu
cu/00000426.jpg,cu
cu/00000017.jpg,cu
cu/00000217.jpg,cu
cu/00000051.jpg,cu
cu/00000481.jpg,cu
cu/00000455.jpg,cu
cu/00000001.jpg,cu
cu/00000474.jpg,cu
cu/00000491.jpg,cu
cu/00000432.jpg,cu
cu/00000308.jpg,cu
cu/00000093.jpg,cu
cu/00000039.jpg,cu
cu/00000143.jpg,cu
cu/00000465.jpg,cu
cu/00000263.jpg,cu
cu/00000329.jpg,cu
cu/00000470.jpg,cu
cu/00000195.jpg,cu
cu/00000335.jpg,cu
cu/00000157.jpg,cu
cu/00000343.jpg,cu
cu/00000319.jpg,cu
cu/00000014.jpg,cu
cu/00000100.jpg,cu
cu/00000000.jpg,cu
cu/00000238.jpg,cu
cu/00000332.jpg,cu
cu/00000180.jpg,cu
cu/00000290.jpg,cu
cu/00000062.jpg,cu
cu/00000048.jpg,cu
cu/00000363.jpg,cu
cu/00000254.jpg,cu
cu/00000096.jpg,cu
cu/00000173.jpg,cu
cu/00000331.jpg,cu
cu/00000333.jpg,cu
cu/00000278.jpg,cu
cu/00000016.jpg,cu
cu/00000158.jpg,cu
cu/00000262.jpg,cu
cu/00000114.jpg,cu
cu/00000203.jpg,cu
cu/00000225.jpg,cu
cu/00000401.jpg,cu
cu/00000058.jpg,cu
cu/00000201.jpg,cu
cu/00000044.jpg,cu
cu/00000197.jpg,cu
cu/00000388.jpg,cu
cu/00000310.jpg,cu
cu/00000083.jpg,cu
cu/00000031.jpg,cu
cu/00000417.jpg,cu
ci/00000312.jpg,ci
ci/00000174.jpg,ci
ci/00000339.jpg,ci
ci/00000092.jpg,ci
ci/00000188.jpg,ci
ci/00000056.jpg,ci
ci/00000425.jpg,ci
ci/00000107.jpg,ci
ci/00000358.jpg,ci
ci/00000395.jpg,ci
ci/00000283.jpg,ci
ci/00000154.jpg,ci
ci/00000409.jpg,ci
ci/00000266.jpg,ci
ci/00000352.jpg,ci
ci/00000359.jpg,ci
ci/00000149.jpg,ci
ci/00000199.jpg,ci
ci/00000142.jpg,ci
ci/00000464.jpg,ci
ci/00000247.jpg,ci
ci/00000347.jpg,ci
ci/00000296.jpg,ci
ci/00000078.jpg,ci
ci/00000452.jpg,ci
ci/00000381.jpg,ci
ci/00000002.jpg,ci
ci/00000097.jpg,ci
ci/00000392.jpg,ci
ci/00000325.jpg,ci
ci/00000066.jpg,ci
ci/00000124.jpg,ci
ci/00000291.jpg,ci
ci/00000035.jpg,ci
ci/00000185.jpg,ci
ci/00000205.jpg,ci
ci/00000170.jpg,ci
ci/00000306.jpg,ci
ci/00000089.jpg,ci
ci/00000475.jpg,ci
ci/00000186.jpg,ci
ci/00000033.jpg,ci
ci/00000362.jpg,ci
ci/00000196.jpg,ci
ci/00000228.jpg,ci
ci/00000015.jpg,ci
ci/00000411.jpg,ci
ci/00000126.jpg,ci
ci/00000120.jpg,ci
ci/00000334.jpg,ci
ci/00000011.jpg,ci
ci/00000164.jpg,ci
ci/00000314.jpg,ci
ci/00000253.jpg,ci
ci/00000052.jpg,ci
ci/00000453.jpg,ci
ci/00000461.jpg,ci
ci/00000295.jpg,ci
ci/00000108.jpg,ci
ci/00000003.jpg,ci
ci/00000315.jpg,ci
ci/00000161.jpg,ci
ci/00000446.jpg,ci
ci/00000434.jpg,ci
ci/00000008.jpg,ci
ci/00000050.jpg,ci
ci/00000258.jpg,ci
ci/00000248.jpg,ci
ci/00000367.jpg,ci
ci/00000117.jpg,ci
ci/00000344.jpg,ci
ci/00000218.jpg,ci
ci/00000433.jpg,ci
ci/00000177.jpg,ci
ci/00000208.jpg,ci
ci/00000175.jpg,ci
ci/00000270.jpg,ci
ci/00000438.jpg,ci
ci/00000131.jpg,ci
ci/00000222.jpg,ci
ci/00000106.jpg,ci
ci/00000055.jpg,ci
ci/00000160.jpg,ci
ci/00000194.jpg,ci
ci/00000242.jpg,ci
ci/00000440.jpg,ci
ci/00000357.jpg,ci
ci/00000219.jpg,ci
ci/00000071.jpg,ci
ci/00000305.jpg,ci
ci/00000479.jpg,ci
ci/00000447.jpg,ci
ci/00000396.jpg,ci
ci/00000342.jpg,ci
ci/00000275.jpg,ci
ci/00000466.jpg,ci
ci/00000350.jpg,ci
ci/00000341.jpg,ci
ci/00000336.jpg,ci
ci/00000223.jpg,ci
ci/00000260.jpg,ci
ci/00000289.jpg,ci
ci/00000463.jpg,ci
ci/00000297.jpg,ci
ci/00000322.jpg,ci
ci/00000021.jpg,ci
ci/00000128.jpg,ci
ci/00000382.jpg,ci
ci/00000140.jpg,ci
ci/00000462.jpg,ci
ci/00000259.jpg,ci
ci/00000427.jpg,ci
ci/00000476.jpg,ci
ci/00000115.jpg,ci
ci/00000272.jpg,ci
ci/00000045.jpg,ci
ci/00000135.jpg,ci
ci/00000169.jpg,ci
ci/00000193.jpg,ci
ci/00000280.jpg,ci
ci/00000022.jpg,ci
ci/00000162.jpg,ci
ci/00000133.jpg,ci
ci/00000480.jpg,ci
ci/00000088.jpg,ci
ci/00000153.jpg,ci
ci/00000269.jpg,ci
ci/00000101.jpg,ci
ci/00000406.jpg,ci
ci/00000414.jpg,ci
ci/00000380.jpg,ci
ci/00000482.jpg,ci
ci/00000267.jpg,ci
ci/00000323.jpg,ci
ci/00000390.jpg,ci
ci/00000420.jpg,ci
ci/00000385.jpg,ci
ci/00000445.jpg,ci
ci/00000261.jpg,ci
ci/00000137.jpg,ci
ci/00000037.jpg,ci
ci/00000084.jpg,ci
ci/00000094.jpg,ci
ci/00000442.jpg,ci
ci/00000389.jpg,ci
ci/00000459.jpg,ci
ci/00000279.jpg,ci
ci/00000145.jpg,ci
ci/00000189.jpg,ci
ci/00000328.jpg,ci
ci/00000009.jpg,ci
ci/00000081.jpg,ci
ci/00000074.jpg,ci
ci/00000288.jpg,ci
ci/00000230.jpg,ci
ci/00000136.jpg,ci
ci/00000422.jpg,ci
ci/00000416.jpg,ci
ci/00000366.jpg,ci
ci/00000182.jpg,ci
ci/00000354.jpg,ci
ci/00000386.jpg,ci
ci/00000234.jpg,ci
ci/00000439.jpg,ci
ci/00000176.jpg,ci
ci/00000451.jpg,ci
ci/00000282.jpg,ci
ci/00000080.jpg,ci
ci/00000449.jpg,ci
ci/00000049.jpg,ci
ci/00000399.jpg,ci
ci/00000072.jpg,ci
ci/00000321.jpg,ci
ci/00000327.jpg,ci
ci/00000202.jpg,ci
ci/00000030.jpg,ci
ci/00000012.jpg,ci
ci/00000265.jpg,ci
ci/00000404.jpg,ci
ci/00000150.jpg,ci
ci/00000231.jpg,ci
ci/00000087.jpg,ci
ci/00000407.jpg,ci
ci/00000029.jpg,ci
ci/00000127.jpg,ci
ci/00000318.jpg,ci
ci/00000004.jpg,ci
ci/00000250.jpg,ci
ci/00000041.jpg,ci
ci/00000302.jpg,ci
ci/00000371.jpg,ci
ci/00000214.jpg,ci
ci/00000243.jpg,ci
ci/00000365.jpg,ci
ci/00000233.jpg,ci
ci/00000027.jpg,ci
ci/00000374.jpg,ci
ci/00000038.jpg,ci
ci/00000428.jpg,ci
ci/00000040.jpg,ci
ci/00000144.jpg,ci
ci/00000036.jpg,ci
ci/00000356.jpg,ci
ci/00000060.jpg,ci
ci/00000311.jpg,ci
ci/00000020.jpg,ci
ci/00000397.jpg,ci
ci/00000355.jpg,ci
ci/00000338.jpg,ci
ci/00000299.jpg,ci
ci/00000391.jpg,ci
ci/00000086.jpg,ci
ci/00000167.jpg,ci
ci/00000292.jpg,ci
ci/00000326.jpg,ci
ci/00000159.jpg,ci
ci/00000172.jpg,ci
ci/00000294.jpg,ci
ci/00000206.jpg,ci
ci/00000232.jpg,ci
ci/00000165.jpg,ci
ci/00000458.jpg,ci
ci/00000424.jpg,ci
ci/00000113.jpg,ci
ci/00000379.jpg,ci
ci/00000105.jpg,ci
ci/00000183.jpg,ci
ci/00000309.jpg,ci
ci/00000293.jpg,ci
ci/00000394.jpg,ci
ci/00000405.jpg,ci
ci/00000147.jpg,ci
ci/00000229.jpg,ci
ci/00000249.jpg,ci
ci/00000346.jpg,ci
ci/00000364.jpg,ci
ci/00000023.jpg,ci
ci/00000212.jpg,ci
ci/00000316.jpg,ci
ci/00000468.jpg,ci
ci/00000478.jpg,ci
ci/00000046.jpg,ci
ci/00000076.jpg,ci
ci/00000061.jpg,ci
ci/00000032.jpg,ci
ci/00000013.jpg,ci
ci/00000375.jpg,ci
ci/00000471.jpg,ci
ci/00000102.jpg,ci
ci/00000073.jpg,ci
ci/00000286.jpg,ci
ci/00000413.jpg,ci
ci/00000063.jpg,ci
ci/00000010.jpg,ci
ci/00000281.jpg,ci
ci/00000313.jpg,ci
ci/00000079.jpg,ci
ci/00000211.jpg,ci
ci/00000340.jpg,ci
ci/00000103.jpg,ci
ci/00000373.jpg,ci
ci/00000123.jpg,ci
ci/00000271.jpg,ci
ci/00000210.jpg,ci
ci/00000053.jpg,ci
ci/00000226.jpg,ci
ci/00000467.jpg,ci
ci/00000082.jpg,ci
ci/00000472.jpg,ci
ci/00000065.jpg,ci
ci/00000277.jpg,ci
ci/00000042.jpg,ci
ci/00000168.jpg,ci
ci/00000184.jpg,ci
ci/00000317.jpg,ci
ci/00000454.jpg,ci
ci/00000469.jpg,ci
ci/00000456.jpg,ci
ci/00000148.jpg,ci
ci/00000099.jpg,ci
ci/00000025.jpg,ci
ci/00000085.jpg,ci
ci/00000028.jpg,ci
ci/00000448.jpg,ci
ci/00000104.jpg,ci
ci/00000430.jpg,ci
ci/00000360.jpg,ci
ci/00000383.jpg,ci
ci/00000091.jpg,ci
ci/00000276.jpg,ci
ci/00000460.jpg,ci
ci/00000429.jpg,ci
ci/00000024.jpg,ci
ci/00000139.jpg,ci
ci/00000361.jpg,ci
ci/00000152.jpg,ci
ci/00000320.jpg,ci
ci/00000077.jpg,ci
ci/00000198.jpg,ci
ci/00000224.jpg,ci
ci/00000423.jpg,ci
ci/00000437.jpg,ci
ci/00000403.jpg,ci
ci/00000412.jpg,ci
ci/00000163.jpg,ci
ci/00000043.jpg,ci
ci/00000118.jpg,ci
ci/00000204.jpg,ci
ci/00000235.jpg,ci
ci/00000444.jpg,ci
ci/00000121.jpg,ci
ci/00000141.jpg,ci
ci/00000237.jpg,ci
ci/00000018.jpg,ci
ci/00000264.jpg,ci
ci/00000122.jpg,ci
ci/00000457.jpg,ci
ci/00000026.jpg,ci
ci/00000047.jpg,ci
ci/00000255.jpg,ci
ci/00000216.jpg,ci
ci/00000241.jpg,ci
ci/00000415.jpg,ci
ci/00000421.jpg,ci
ci/00000146.jpg,ci
ci/00000064.jpg,ci
ci/00000070.jpg,ci
ci/00000132.jpg,ci
ci/00000005.jpg,ci
ci/00000192.jpg,ci
ci/00000284.jpg,ci
ci/00000111.jpg,ci
ci/00000268.jpg,ci
ci/00000067.jpg,ci
ci/00000178.jpg,ci
ci/00000171.jpg,ci
ci/00000155.jpg,ci
ci/00000057.jpg,ci
ci/00000007.jpg,ci
ci/00000287.jpg,ci
ci/00000034.jpg,ci
ci/00000393.jpg,ci
ci/00000426.jpg,ci
ci/00000017.jpg,ci
ci/00000051.jpg,ci
ci/00000481.jpg,ci
ci/00000455.jpg,ci
ci/00000001.jpg,ci
ci/00000474.jpg,ci
ci/00000432.jpg,ci
ci/00000308.jpg,ci
ci/00000093.jpg,ci
ci/00000039.jpg,ci
ci/00000143.jpg,ci
ci/00000465.jpg,ci
ci/00000263.jpg,ci
ci/00000329.jpg,ci
ci/00000195.jpg,ci
ci/00000157.jpg,ci
ci/00000343.jpg,ci
ci/00000014.jpg,ci
ci/00000100.jpg,ci
ci/00000000.jpg,ci
ci/00000238.jpg,ci
ci/00000332.jpg,ci
ci/00000180.jpg,ci
ci/00000062.jpg,ci
ci/00000048.jpg,ci
ci/00000363.jpg,ci
ci/00000254.jpg,ci
ci/00000173.jpg,ci
ci/00000331.jpg,ci
ci/00000016.jpg,ci
ci/00000158.jpg,ci
ci/00000114.jpg,ci
ci/00000225.jpg,ci
ci/00000401.jpg,ci
ci/00000058.jpg,ci
ci/00000201.jpg,ci
ci/00000044.jpg,ci
ci/00000197.jpg,ci
ci/00000388.jpg,ci
ci/00000310.jpg,ci
ci/00000083.jpg,ci
ci/00000031.jpg,ci
ci/00000417.jpg,ci
st/00000312.jpg,st
st/00000174.jpg,st
st/00000068.jpg,st
st/00000339.jpg,st
st/00000188.jpg,st
st/00000056.jpg,st
st/00000425.jpg,st
st/00000377.jpg,st
st/00000107.jpg,st
st/00000395.jpg,st
st/00000154.jpg,st
st/00000483.jpg,st
st/00000274.jpg,st
st/00000187.jpg,st
st/00000266.jpg,st
st/00000443.jpg,st
st/00000372.jpg,st
st/00000352.jpg,st
st/00000257.jpg,st
st/00000149.jpg,st
st/00000199.jpg,st
st/00000142.jpg,st
st/00000464.jpg,st
st/00000247.jpg,st
st/00000078.jpg,st
st/00000490.jpg,st
st/00000002.jpg,st
st/00000097.jpg,st
st/00000392.jpg,st
st/00000325.jpg,st
st/00000066.jpg,st
st/00000124.jpg,st
st/00000291.jpg,st
st/00000035.jpg,st
st/00000185.jpg,st
st/00000205.jpg,st
st/00000170.jpg,st
st/00000306.jpg,st
st/00000130.jpg,st
st/00000186.jpg,st
st/00000033.jpg,st
st/00000362.jpg,st
st/00000196.jpg,st
st/00000228.jpg,st
st/00000015.jpg,st
st/00000411.jpg,st
st/00000126.jpg,st
st/00000220.jpg,st
st/00000334.jpg,st
st/00000011.jpg,st
st/00000164.jpg,st
st/00000314.jpg,st
st/00000253.jpg,st
st/00000052.jpg,st
st/00000489.jpg,st
st/00000453.jpg,st
st/00000295.jpg,st
st/00000108.jpg,st
st/00000003.jpg,st
st/00000075.jpg,st
st/00000484.jpg,st
st/00000315.jpg,st
st/00000240.jpg,st
st/00000161.jpg,st
st/00000446.jpg,st
st/00000008.jpg,st
st/00000050.jpg,st
st/00000258.jpg,st
st/00000248.jpg,st
st/00000367.jpg,st
st/00000117.jpg,st
st/00000344.jpg,st
st/00000218.jpg,st
st/00000433.jpg,st
st/00000177.jpg,st
st/00000208.jpg,st
st/00000175.jpg,st
st/00000450.jpg,st
st/00000270.jpg,st
st/00000438.jpg,st
st/00000131.jpg,st
st/00000222.jpg,st
st/00000303.jpg,st
st/00000106.jpg,st
st/00000055.jpg,st
st/00000160.jpg,st
st/00000194.jpg,st
st/00000242.jpg,st
st/00000219.jpg,st
st/00000151.jpg,st
st/00000071.jpg,st
st/00000479.jpg,st
st/00000447.jpg,st
st/00000396.jpg,st
st/00000125.jpg,st
st/00000275.jpg,st
st/00000336.jpg,st
st/00000223.jpg,st
st/00000260.jpg,st
st/00000289.jpg,st
st/00000463.jpg,st
st/00000021.jpg,st
st/00000128.jpg,st
st/00000382.jpg,st
st/00000140.jpg,st
st/00000069.jpg,st
st/00000462.jpg,st
st/00000259.jpg,st
st/00000427.jpg,st
st/00000476.jpg,st
st/00000324.jpg,st
st/00000272.jpg,st
st/00000487.jpg,st
st/00000245.jpg,st
st/00000045.jpg,st
st/00000135.jpg,st
st/00000169.jpg,st
st/00000193.jpg,st
st/00000280.jpg,st
st/00000019.jpg,st
st/00000200.jpg,st
st/00000022.jpg,st
st/00000162.jpg,st
st/00000236.jpg,st
st/00000133.jpg,st
st/00000480.jpg,st
st/00000088.jpg,st
st/00000059.jpg,st
st/00000273.jpg,st
st/00000269.jpg,st
st/00000181.jpg,st
st/00000095.jpg,st
st/00000101.jpg,st
st/00000486.jpg,st
st/00000406.jpg,st
st/00000414.jpg,st
st/00000380.jpg,st
st/00000441.jpg,st
st/00000054.jpg,st
st/00000390.jpg,st
st/00000420.jpg,st
st/00000473.jpg,st
st/00000385.jpg,st
st/00000445.jpg,st
st/00000261.jpg,st
st/00000037.jpg,st
st/00000084.jpg,st
st/00000094.jpg,st
st/00000389.jpg,st
st/00000459.jpg,st
st/00000279.jpg,st
st/00000145.jpg,st
st/00000134.jpg,st
st/00000408.jpg,st
st/00000189.jpg,st
st/00000110.jpg,st
st/00000328.jpg,st
st/00000109.jpg,st
st/00000009.jpg,st
st/00000244.jpg,st
st/00000074.jpg,st
st/00000230.jpg,st
st/00000136.jpg,st
st/00000422.jpg,st
st/00000416.jpg,st
st/00000366.jpg,st
st/00000182.jpg,st
st/00000354.jpg,st
st/00000439.jpg,st
st/00000176.jpg,st
st/00000451.jpg,st
st/00000304.jpg,st
st/00000080.jpg,st
st/00000399.jpg,st
st/00000072.jpg,st
st/00000202.jpg,st
st/00000030.jpg,st
st/00000012.jpg,st
st/00000179.jpg,st
st/00000265.jpg,st
st/00000404.jpg,st
st/00000150.jpg,st
st/00000231.jpg,st
st/00000407.jpg,st
st/00000029.jpg,st
st/00000127.jpg,st
st/00000318.jpg,st
st/00000307.jpg,st
st/00000250.jpg,st
st/00000041.jpg,st
st/00000302.jpg,st
st/00000365.jpg,st
st/00000233.jpg,st
st/00000027.jpg,st
st/00000374.jpg,st
st/00000038.jpg,st
st/00000428.jpg,st
st/00000040.jpg,st
st/00000138.jpg,st
st/00000144.jpg,st
st/00000090.jpg,st
st/00000036.jpg,st
st/00000356.jpg,st
st/00000060.jpg,st
st/00000311.jpg,st
st/00000020.jpg,st
st/00000397.jpg,st
st/00000119.jpg,st
st/00000355.jpg,st
st/00000338.jpg,st
st/00000299.jpg,st
st/00000086.jpg,st
st/00000167.jpg,st
st/00000292.jpg,st
st/00000326.jpg,st
st/00000159.jpg,st
st/00000172.jpg,st
st/00000294.jpg,st
st/00000206.jpg,st
st/00000232.jpg,st
st/00000458.jpg,st
st/00000424.jpg,st
st/00000113.jpg,st
st/00000418.jpg,st
st/00000105.jpg,st
st/00000330.jpg,st
st/00000183.jpg,st
st/00000309.jpg,st
st/00000293.jpg,st
st/00000394.jpg,st
st/00000345.jpg,st
st/00000405.jpg,st
st/00000251.jpg,st
st/00000346.jpg,st
st/00000369.jpg,st
st/00000468.jpg,st
st/00000478.jpg,st
st/00000076.jpg,st
st/00000061.jpg,st
st/00000032.jpg,st
st/00000013.jpg,st
st/00000471.jpg,st
st/00000102.jpg,st
st/00000073.jpg,st
st/00000156.jpg,st
st/00000129.jpg,st
st/00000413.jpg,st
st/00000063.jpg,st
st/00000112.jpg,st
st/00000010.jpg,st
st/00000281.jpg,st
st/00000313.jpg,st
st/00000079.jpg,st
st/00000301.jpg,st
st/00000378.jpg,st
st/00000400.jpg,st
st/00000103.jpg,st
st/00000123.jpg,st
st/00000271.jpg,st
st/00000210.jpg,st
st/00000053.jpg,st
st/00000082.jpg,st
st/00000472.jpg,st
st/00000277.jpg,st
st/00000042.jpg,st
st/00000168.jpg,st
st/00000184.jpg,st
st/00000454.jpg,st
st/00000469.jpg,st
st/00000456.jpg,st
st/00000213.jpg,st
st/00000207.jpg,st
st/00000148.jpg,st
st/00000099.jpg,st
st/00000025.jpg,st
st/00000085.jpg,st
st/00000028.jpg,st
st/00000104.jpg,st
st/00000430.jpg,st
st/00000383.jpg,st
st/00000091.jpg,st
st/00000276.jpg,st
st/00000239.jpg,st
st/00000024.jpg,st
st/00000139.jpg,st
st/00000361.jpg,st
st/00000431.jpg,st
st/00000152.jpg,st
st/00000488.jpg,st
st/00000198.jpg,st
st/00000224.jpg,st
st/00000368.jpg,st
st/00000437.jpg,st
st/00000403.jpg,st
st/00000043.jpg,st
st/00000118.jpg,st
st/00000215.jpg,st
st/00000204.jpg,st
st/00000235.jpg,st
st/00000121.jpg,st
st/00000141.jpg,st
st/00000237.jpg,st
st/00000018.jpg,st
st/00000122.jpg,st
st/00000190.jpg,st
st/00000457.jpg,st
st/00000026.jpg,st
st/00000047.jpg,st
st/00000216.jpg,st
st/00000241.jpg,st
st/00000415.jpg,st
st/00000421.jpg,st
st/00000146.jpg,st
st/00000064.jpg,st
st/00000070.jpg,st
st/00000132.jpg,st
st/00000005.jpg,st
st/00000192.jpg,st
st/00000284.jpg,st
st/00000111.jpg,st
st/00000268.jpg,st
st/00000067.jpg,st
st/00000178.jpg,st
st/00000171.jpg,st
st/00000057.jpg,st
st/00000007.jpg,st
st/00000426.jpg,st
st/00000017.jpg,st
st/00000217.jpg,st
st/00000051.jpg,st
st/00000001.jpg,st
st/00000474.jpg,st
st/00000491.jpg,st
st/00000308.jpg,st
st/00000093.jpg,st
st/00000039.jpg,st
st/00000143.jpg,st
st/00000465.jpg,st
st/00000263.jpg,st
st/00000195.jpg,st
st/00000335.jpg,st
st/00000157.jpg,st
st/00000343.jpg,st
st/00000319.jpg,st
st/00000014.jpg,st
st/00000100.jpg,st
st/00000000.jpg,st
st/00000238.jpg,st
st/00000332.jpg,st
st/00000180.jpg,st
st/00000290.jpg,st
st/00000062.jpg,st
st/00000048.jpg,st
st/00000363.jpg,st
st/00000254.jpg,st
st/00000096.jpg,st
st/00000173.jpg,st
st/00000331.jpg,st
st/00000333.jpg,st
st/00000278.jpg,st
st/00000016.jpg,st
st/00000262.jpg,st
st/00000114.jpg,st
st/00000203.jpg,st
st/00000225.jpg,st
st/00000058.jpg,st
st/00000201.jpg,st
st/00000044.jpg,st
st/00000197.jpg,st
st/00000388.jpg,st
st/00000310.jpg,st
st/00000083.jpg,st
st/00000031.jpg,st
st/00000417.jpg,st
ac/00000312.jpg,ac
ac/00000068.jpg,ac
ac/00000092.jpg,ac
ac/00000188.jpg,ac
ac/00000056.jpg,ac
ac/00000425.jpg,ac
ac/00000377.jpg,ac
ac/00000107.jpg,ac
ac/00000358.jpg,ac
ac/00000395.jpg,ac
ac/00000283.jpg,ac
ac/00000154.jpg,ac
ac/00000274.jpg,ac
ac/00000187.jpg,ac
ac/00000266.jpg,ac
ac/00000419.jpg,ac
ac/00000372.jpg,ac
ac/00000352.jpg,ac
ac/00000359.jpg,ac
ac/00000257.jpg,ac
ac/00000098.jpg,ac
ac/00000149.jpg,ac
ac/00000199.jpg,ac
ac/00000142.jpg,ac
ac/00000298.jpg,ac
ac/00000464.jpg,ac
ac/00000247.jpg,ac
ac/00000347.jpg,ac
ac/00000296.jpg,ac
ac/00000384.jpg,ac
ac/00000078.jpg,ac
ac/00000348.jpg,ac
ac/00000452.jpg,ac
ac/00000002.jpg,ac
ac/00000097.jpg,ac
ac/00000392.jpg,ac
ac/00000325.jpg,ac
ac/00000066.jpg,ac
ac/00000124.jpg,ac
ac/00000035.jpg,ac
ac/00000205.jpg,ac
ac/00000170.jpg,ac
ac/00000306.jpg,ac
ac/00000089.jpg,ac
ac/00000130.jpg,ac
ac/00000186.jpg,ac
ac/00000033.jpg,ac
ac/00000362.jpg,ac
ac/00000196.jpg,ac
ac/00000228.jpg,ac
ac/00000015.jpg,ac
ac/00000411.jpg,ac
ac/00000126.jpg,ac
ac/00000220.jpg,ac
ac/00000120.jpg,ac
ac/00000334.jpg,ac
ac/00000011.jpg,ac
ac/00000314.jpg,ac
ac/00000253.jpg,ac
ac/00000252.jpg,ac
ac/00000052.jpg,ac
ac/00000461.jpg,ac
ac/00000295.jpg,ac
ac/00000108.jpg,ac
ac/00000003.jpg,ac
ac/00000075.jpg,ac
ac/00000315.jpg,ac
ac/00000240.jpg,ac
ac/00000161.jpg,ac
ac/00000446.jpg,ac
ac/00000434.jpg,ac
ac/00000008.jpg,ac
ac/00000050.jpg,ac
ac/00000258.jpg,ac
ac/00000248.jpg,ac
ac/00000367.jpg,ac
ac/00000117.jpg,ac
ac/00000370.jpg,ac
ac/00000218.jpg,ac
ac/00000433.jpg,ac
ac/00000349.jpg,ac
ac/00000177.jpg,ac
ac/00000208.jpg,ac
ac/00000175.jpg,ac
ac/00000450.jpg,ac
ac/00000351.jpg,ac
ac/00000270.jpg,ac
ac/00000438.jpg,ac
ac/00000131.jpg,ac
ac/00000222.jpg,ac
ac/00000303.jpg,ac
ac/00000106.jpg,ac
ac/00000055.jpg,ac
ac/00000160.jpg,ac
ac/00000194.jpg,ac
ac/00000242.jpg,ac
ac/00000219.jpg,ac
ac/00000151.jpg,ac
ac/00000071.jpg,ac
ac/00000305.jpg,ac
ac/00000396.jpg,ac
ac/00000342.jpg,ac
ac/00000125.jpg,ac
ac/00000275.jpg,ac
ac/00000402.jpg,ac
ac/00000350.jpg,ac
ac/00000341.jpg,ac
ac/00000336.jpg,ac
ac/00000223.jpg,ac
ac/00000289.jpg,ac
ac/00000463.jpg,ac
ac/00000297.jpg,ac
ac/00000322.jpg,ac
ac/00000021.jpg,ac
ac/00000128.jpg,ac
ac/00000382.jpg,ac
ac/00000069.jpg,ac
ac/00000435.jpg,ac
ac/00000259.jpg,ac
ac/00000476.jpg,ac
ac/00000115.jpg,ac
ac/00000324.jpg,ac
ac/00000272.jpg,ac
ac/00000245.jpg,ac
ac/00000045.jpg,ac
ac/00000135.jpg,ac
ac/00000169.jpg,ac
ac/00000193.jpg,ac
ac/00000280.jpg,ac
ac/00000019.jpg,ac
ac/00000200.jpg,ac
ac/00000022.jpg,ac
ac/00000162.jpg,ac
ac/00000236.jpg,ac
ac/00000133.jpg,ac
ac/00000088.jpg,ac
ac/00000059.jpg,ac
ac/00000273.jpg,ac
ac/00000153.jpg,ac
ac/00000269.jpg,ac
ac/00000181.jpg,ac
ac/00000095.jpg,ac
ac/00000101.jpg,ac
ac/00000414.jpg,ac
ac/00000380.jpg,ac
ac/00000441.jpg,ac
ac/00000221.jpg,ac
ac/00000267.jpg,ac
ac/00000054.jpg,ac
ac/00000323.jpg,ac
ac/00000390.jpg,ac
ac/00000473.jpg,ac
ac/00000337.jpg,ac
ac/00000285.jpg,ac
ac/00000261.jpg,ac
ac/00000137.jpg,ac
ac/00000300.jpg,ac
ac/00000037.jpg,ac
ac/00000084.jpg,ac
ac/00000094.jpg,ac
ac/00000389.jpg,ac
ac/00000459.jpg,ac
ac/00000279.jpg,ac
ac/00000145.jpg,ac
ac/00000134.jpg,ac
ac/00000408.jpg,ac
ac/00000189.jpg,ac
ac/00000110.jpg,ac
ac/00000328.jpg,ac
ac/00000109.jpg,ac
ac/00000009.jpg,ac
ac/00000244.jpg,ac
ac/00000081.jpg,ac
ac/00000074.jpg,ac
ac/00000288.jpg,ac
ac/00000230.jpg,ac
ac/00000136.jpg,ac
ac/00000416.jpg,ac
ac/00000182.jpg,ac
ac/00000256.jpg,ac
ac/00000354.jpg,ac
ac/00000386.jpg,ac
ac/00000234.jpg,ac
ac/00000439.jpg,ac
ac/00000176.jpg,ac
ac/00000451.jpg,ac
ac/00000282.jpg,ac
ac/00000304.jpg,ac
ac/00000080.jpg,ac
ac/00000449.jpg,ac
ac/00000049.jpg,ac
ac/00000399.jpg,ac
ac/00000072.jpg,ac
ac/00000321.jpg,ac
ac/00000327.jpg,ac
ac/00000202.jpg,ac
ac/00000030.jpg,ac
ac/00000012.jpg,ac
ac/00000179.jpg,ac
ac/00000265.jpg,ac
ac/00000404.jpg,ac
ac/00000150.jpg,ac
ac/00000231.jpg,ac
ac/00000087.jpg,ac
ac/00000407.jpg,ac
ac/00000029.jpg,ac
ac/00000127.jpg,ac
ac/00000318.jpg,ac
ac/00000307.jpg,ac
ac/00000004.jpg,ac
ac/00000250.jpg,ac
ac/00000041.jpg,ac
ac/00000302.jpg,ac
ac/00000371.jpg,ac
ac/00000214.jpg,ac
ac/00000243.jpg,ac
ac/00000365.jpg,ac
ac/00000233.jpg,ac
ac/00000027.jpg,ac
ac/00000374.jpg,ac
ac/00000227.jpg,ac
ac/00000038.jpg,ac
ac/00000040.jpg,ac
ac/00000138.jpg,ac
ac/00000144.jpg,ac
ac/00000090.jpg,ac
ac/00000036.jpg,ac
ac/00000246.jpg,ac
ac/00000356.jpg,ac
ac/00000060.jpg,ac
ac/00000311.jpg,ac
ac/00000020.jpg,ac
ac/00000397.jpg,ac
ac/00000119.jpg,ac
ac/00000355.jpg,ac
ac/00000338.jpg,ac
ac/00000299.jpg,ac
ac/00000086.jpg,ac
ac/00000167.jpg,ac
ac/00000292.jpg,ac
ac/00000326.jpg,ac
ac/00000159.jpg,ac
ac/00000172.jpg,ac
ac/00000294.jpg,ac
ac/00000206.jpg,ac
ac/00000232.jpg,ac
ac/00000165.jpg,ac
ac/00000458.jpg,ac
ac/00000424.jpg,ac
ac/00000113.jpg,ac
ac/00000379.jpg,ac
ac/00000105.jpg,ac
ac/00000183.jpg,ac
ac/00000309.jpg,ac
ac/00000293.jpg,ac
ac/00000006.jpg,ac
ac/00000345.jpg,ac
ac/00000147.jpg,ac
ac/00000229.jpg,ac
ac/00000249.jpg,ac
ac/00000251.jpg,ac
ac/00000346.jpg,ac
ac/00000364.jpg,ac
ac/00000369.jpg,ac
ac/00000023.jpg,ac
ac/00000212.jpg,ac
ac/00000316.jpg,ac
ac/00000468.jpg,ac
ac/00000046.jpg,ac
ac/00000076.jpg,ac
ac/00000061.jpg,ac
ac/00000032.jpg,ac
ac/00000013.jpg,ac
ac/00000375.jpg,ac
ac/00000471.jpg,ac
ac/00000191.jpg,ac
ac/00000102.jpg,ac
ac/00000073.jpg,ac
ac/00000286.jpg,ac
ac/00000156.jpg,ac
ac/00000129.jpg,ac
ac/00000413.jpg,ac
ac/00000063.jpg,ac
ac/00000112.jpg,ac
ac/00000010.jpg,ac
ac/00000387.jpg,ac
ac/00000281.jpg,ac
ac/00000313.jpg,ac
ac/00000079.jpg,ac
ac/00000211.jpg,ac
ac/00000301.jpg,ac
ac/00000378.jpg,ac
ac/00000103.jpg,ac
ac/00000123.jpg,ac
ac/00000271.jpg,ac
ac/00000210.jpg,ac
ac/00000053.jpg,ac
ac/00000226.jpg,ac
ac/00000082.jpg,ac
ac/00000472.jpg,ac
ac/00000065.jpg,ac
ac/00000277.jpg,ac
ac/00000042.jpg,ac
ac/00000168.jpg,ac
ac/00000184.jpg,ac
ac/00000317.jpg,ac
ac/00000454.jpg,ac
ac/00000469.jpg,ac
ac/00000456.jpg,ac
ac/00000213.jpg,ac
ac/00000207.jpg,ac
ac/00000148.jpg,ac
ac/00000099.jpg,ac
ac/00000025.jpg,ac
ac/00000085.jpg,ac
ac/00000028.jpg,ac
ac/00000448.jpg,ac
ac/00000104.jpg,ac
ac/00000360.jpg,ac
ac/00000383.jpg,ac
ac/00000091.jpg,ac
ac/00000276.jpg,ac
ac/00000239.jpg,ac
ac/00000460.jpg,ac
ac/00000429.jpg,ac
ac/00000024.jpg,ac
ac/00000139.jpg,ac
ac/00000361.jpg,ac
ac/00000152.jpg,ac
ac/00000320.jpg,ac
ac/00000077.jpg,ac
ac/00000224.jpg,ac
ac/00000368.jpg,ac
ac/00000437.jpg,ac
ac/00000403.jpg,ac
ac/00000412.jpg,ac
ac/00000163.jpg,ac
ac/00000043.jpg,ac
ac/00000118.jpg,ac
ac/00000215.jpg,ac
ac/00000204.jpg,ac
ac/00000235.jpg,ac
ac/00000121.jpg,ac
ac/00000141.jpg,ac
ac/00000237.jpg,ac
ac/00000018.jpg,ac
ac/00000264.jpg,ac
ac/00000122.jpg,ac
ac/00000190.jpg,ac
ac/00000457.jpg,ac
ac/00000026.jpg,ac
ac/00000047.jpg,ac
ac/00000255.jpg,ac
ac/00000216.jpg,ac
ac/00000241.jpg,ac
ac/00000421.jpg,ac
ac/00000146.jpg,ac
ac/00000064.jpg,ac
ac/00000070.jpg,ac
ac/00000132.jpg,ac
ac/00000005.jpg,ac
ac/00000166.jpg,ac
ac/00000436.jpg,ac
ac/00000192.jpg,ac
ac/00000284.jpg,ac
ac/00000353.jpg,ac
ac/00000111.jpg,ac
ac/00000268.jpg,ac
ac/00000067.jpg,ac
ac/00000178.jpg,ac
ac/00000171.jpg,ac
ac/00000209.jpg,ac
ac/00000155.jpg,ac
ac/00000057.jpg,ac
ac/00000007.jpg,ac
ac/00000287.jpg,ac
ac/00000034.jpg,ac
ac/00000393.jpg,ac
ac/00000426.jpg,ac
ac/00000017.jpg,ac
ac/00000217.jpg,ac
ac/00000051.jpg,ac
ac/00000455.jpg,ac
ac/00000001.jpg,ac
ac/00000474.jpg,ac
ac/00000432.jpg,ac
ac/00000308.jpg,ac
ac/00000093.jpg,ac
ac/00000039.jpg,ac
ac/00000143.jpg,ac
ac/00000465.jpg,ac
ac/00000263.jpg,ac
ac/00000329.jpg,ac
ac/00000470.jpg,ac
ac/00000195.jpg,ac
ac/00000335.jpg,ac
ac/00000157.jpg,ac
ac/00000319.jpg,ac
ac/00000014.jpg,ac
ac/00000100.jpg,ac
ac/00000000.jpg,ac
ac/00000238.jpg,ac
ac/00000332.jpg,ac
ac/00000180.jpg,ac
ac/00000290.jpg,ac
ac/00000062.jpg,ac
ac/00000048.jpg,ac
ac/00000254.jpg,ac
ac/00000096.jpg,ac
ac/00000173.jpg,ac
ac/00000331.jpg,ac
ac/00000333.jpg,ac
ac/00000278.jpg,ac
ac/00000016.jpg,ac
ac/00000158.jpg,ac
ac/00000262.jpg,ac
ac/00000114.jpg,ac
ac/00000203.jpg,ac
ac/00000225.jpg,ac
ac/00000401.jpg,ac
ac/00000058.jpg,ac
ac/00000201.jpg,ac
ac/00000044.jpg,ac
ac/00000197.jpg,ac
ac/00000388.jpg,ac
ac/00000310.jpg,ac
ac/00000083.jpg,ac
ac/00000031.jpg,ac
ac/00000417.jpg,ac
ns/00000312.jpg,ns
ns/00000174.jpg,ns
ns/00000068.jpg,ns
ns/00000339.jpg,ns
ns/00000092.jpg,ns
ns/00000056.jpg,ns
ns/00000425.jpg,ns
ns/00000377.jpg,ns
ns/00000107.jpg,ns
ns/00000358.jpg,ns
ns/00000283.jpg,ns
ns/00000154.jpg,ns
ns/00000409.jpg,ns
ns/00000274.jpg,ns
ns/00000187.jpg,ns
ns/00000266.jpg,ns
ns/00000443.jpg,ns
ns/00000352.jpg,ns
ns/00000257.jpg,ns
ns/00000098.jpg,ns
ns/00000149.jpg,ns
ns/00000199.jpg,ns
ns/00000142.jpg,ns
ns/00000298.jpg,ns
ns/00000347.jpg,ns
ns/00000296.jpg,ns
ns/00000384.jpg,ns
ns/00000078.jpg,ns
ns/00000348.jpg,ns
ns/00000452.jpg,ns
ns/00000002.jpg,ns
ns/00000097.jpg,ns
ns/00000066.jpg,ns
ns/00000035.jpg,ns
ns/00000185.jpg,ns
ns/00000205.jpg,ns
ns/00000170.jpg,ns
ns/00000089.jpg,ns
ns/00000130.jpg,ns
ns/00000033.jpg,ns
ns/00000196.jpg,ns
ns/00000228.jpg,ns
ns/00000015.jpg,ns
ns/00000126.jpg,ns
ns/00000220.jpg,ns
ns/00000120.jpg,ns
ns/00000334.jpg,ns
ns/00000011.jpg,ns
ns/00000164.jpg,ns
ns/00000253.jpg,ns
ns/00000252.jpg,ns
ns/00000052.jpg,ns
ns/00000453.jpg,ns
ns/00000461.jpg,ns
ns/00000295.jpg,ns
ns/00000108.jpg,ns
ns/00000003.jpg,ns
ns/00000075.jpg,ns
ns/00000315.jpg,ns
ns/00000240.jpg,ns
ns/00000161.jpg,ns
ns/00000434.jpg,ns
ns/00000008.jpg,ns
ns/00000050.jpg,ns
ns/00000258.jpg,ns
ns/00000248.jpg,ns
ns/00000117.jpg,ns
ns/00000344.jpg,ns
ns/00000370.jpg,ns
ns/00000218.jpg,ns
ns/00000433.jpg,ns
ns/00000177.jpg,ns
ns/00000208.jpg,ns
ns/00000175.jpg,ns
ns/00000351.jpg,ns
ns/00000270.jpg,ns
ns/00000438.jpg,ns
ns/00000222.jpg,ns
ns/00000303.jpg,ns
ns/00000106.jpg,ns
ns/00000055.jpg,ns
ns/00000242.jpg,ns
ns/00000440.jpg,ns
ns/00000219.jpg,ns
ns/00000151.jpg,ns
ns/00000071.jpg,ns
ns/00000447.jpg,ns
ns/00000396.jpg,ns
ns/00000125.jpg,ns
ns/00000275.jpg,ns
ns/00000466.jpg,ns
ns/00000402.jpg,ns
ns/00000336.jpg,ns
ns/00000223.jpg,ns
ns/00000260.jpg,ns
ns/00000289.jpg,ns
ns/00000463.jpg,ns
ns/00000297.jpg,ns
ns/00000322.jpg,ns
ns/00000021.jpg,ns
ns/00000128.jpg,ns
ns/00000382.jpg,ns
ns/00000140.jpg,ns
ns/00000069.jpg,ns
ns/00000435.jpg,ns
ns/00000259.jpg,ns
ns/00000427.jpg,ns
ns/00000115.jpg,ns
ns/00000324.jpg,ns
ns/00000272.jpg,ns
ns/00000245.jpg,ns
ns/00000045.jpg,ns
ns/00000169.jpg,ns
ns/00000193.jpg,ns
ns/00000280.jpg,ns
ns/00000019.jpg,ns
ns/00000200.jpg,ns
ns/00000022.jpg,ns
ns/00000162.jpg,ns
ns/00000133.jpg,ns
ns/00000088.jpg,ns
ns/00000059.jpg,ns
ns/00000273.jpg,ns
ns/00000153.jpg,ns
ns/00000269.jpg,ns
ns/00000181.jpg,ns
ns/00000095.jpg,ns
ns/00000406.jpg,ns
ns/00000414.jpg,ns
ns/00000380.jpg,ns
ns/00000441.jpg,ns
ns/00000221.jpg,ns
ns/00000267.jpg,ns
ns/00000054.jpg,ns
ns/00000323.jpg,ns
ns/00000390.jpg,ns
ns/00000420.jpg,ns
ns/00000385.jpg,ns
ns/00000285.jpg,ns
ns/00000445.jpg,ns
ns/00000376.jpg,ns
ns/00000261.jpg,ns
ns/00000137.jpg,ns
ns/00000300.jpg,ns
ns/00000037.jpg,ns
ns/00000094.jpg,ns
ns/00000442.jpg,ns
ns/00000389.jpg,ns
ns/00000459.jpg,ns
ns/00000279.jpg,ns
ns/00000145.jpg,ns
ns/00000134.jpg,ns
ns/00000408.jpg,ns
ns/00000328.jpg,ns
ns/00000109.jpg,ns
ns/00000009.jpg,ns
ns/00000244.jpg,ns
ns/00000081.jpg,ns
ns/00000074.jpg,ns
ns/00000288.jpg,ns
ns/00000136.jpg,ns
ns/00000422.jpg,ns
ns/00000416.jpg,ns
ns/00000366.jpg,ns
ns/00000182.jpg,ns
ns/00000256.jpg,ns
ns/00000354.jpg,ns
ns/00000386.jpg,ns
ns/00000234.jpg,ns
ns/00000439.jpg,ns
ns/00000451.jpg,ns
ns/00000282.jpg,ns
ns/00000304.jpg,ns
ns/00000080.jpg,ns
ns/00000449.jpg,ns
ns/00000399.jpg,ns
ns/00000072.jpg,ns
ns/00000321.jpg,ns
ns/00000327.jpg,ns
ns/00000202.jpg,ns
ns/00000030.jpg,ns
ns/00000012.jpg,ns
ns/00000179.jpg,ns
ns/00000265.jpg,ns
ns/00000404.jpg,ns
ns/00000231.jpg,ns
ns/00000087.jpg,ns
ns/00000407.jpg,ns
ns/00000029.jpg,ns
ns/00000318.jpg,ns
ns/00000004.jpg,ns
ns/00000250.jpg,ns
ns/00000041.jpg,ns
ns/00000302.jpg,ns
ns/00000371.jpg,ns
ns/00000243.jpg,ns
ns/00000365.jpg,ns
ns/00000233.jpg,ns
ns/00000027.jpg,ns
ns/00000227.jpg,ns
ns/00000038.jpg,ns
ns/00000428.jpg,ns
ns/00000040.jpg,ns
ns/00000138.jpg,ns
ns/00000144.jpg,ns
ns/00000090.jpg,ns
ns/00000036.jpg,ns
ns/00000246.jpg,ns
ns/00000356.jpg,ns
ns/00000311.jpg,ns
ns/00000397.jpg,ns
ns/00000119.jpg,ns
ns/00000355.jpg,ns
ns/00000338.jpg,ns
ns/00000299.jpg,ns
ns/00000391.jpg,ns
ns/00000086.jpg,ns
ns/00000167.jpg,ns
ns/00000292.jpg,ns
ns/00000326.jpg,ns
ns/00000172.jpg,ns
ns/00000294.jpg,ns
ns/00000206.jpg,ns
ns/00000232.jpg,ns
ns/00000165.jpg,ns
ns/00000458.jpg,ns
ns/00000424.jpg,ns
ns/00000113.jpg,ns
ns/00000418.jpg,ns
ns/00000183.jpg,ns
ns/00000309.jpg,ns
ns/00000293.jpg,ns
ns/00000394.jpg,ns
ns/00000006.jpg,ns
ns/00000345.jpg,ns
ns/00000405.jpg,ns
ns/00000147.jpg,ns
ns/00000229.jpg,ns
ns/00000249.jpg,ns
ns/00000251.jpg,ns
ns/00000364.jpg,ns
ns/00000369.jpg,ns
ns/00000023.jpg,ns
ns/00000212.jpg,ns
ns/00000316.jpg,ns
ns/00000468.jpg,ns
ns/00000046.jpg,ns
ns/00000076.jpg,ns
ns/00000061.jpg,ns
ns/00000032.jpg,ns
ns/00000013.jpg,ns
ns/00000375.jpg,ns
ns/00000471.jpg,ns
ns/00000102.jpg,ns
ns/00000073.jpg,ns
ns/00000156.jpg,ns
ns/00000129.jpg,ns
ns/00000063.jpg,ns
ns/00000112.jpg,ns
ns/00000010.jpg,ns
ns/00000387.jpg,ns
ns/00000281.jpg,ns
ns/00000313.jpg,ns
ns/00000079.jpg,ns
ns/00000211.jpg,ns
ns/00000340.jpg,ns
ns/00000301.jpg,ns
ns/00000378.jpg,ns
ns/00000400.jpg,ns
ns/00000103.jpg,ns
ns/00000373.jpg,ns
ns/00000123.jpg,ns
ns/00000271.jpg,ns
ns/00000210.jpg,ns
ns/00000053.jpg,ns
ns/00000226.jpg,ns
ns/00000082.jpg,ns
ns/00000410.jpg,ns
ns/00000168.jpg,ns
ns/00000184.jpg,ns
ns/00000317.jpg,ns
ns/00000454.jpg,ns
ns/00000469.jpg,ns
ns/00000456.jpg,ns
ns/00000213.jpg,ns
ns/00000207.jpg,ns
ns/00000148.jpg,ns
ns/00000099.jpg,ns
ns/00000025.jpg,ns
ns/00000085.jpg,ns
ns/00000028.jpg,ns
ns/00000448.jpg,ns
ns/00000104.jpg,ns
ns/00000430.jpg,ns
ns/00000360.jpg,ns
ns/00000383.jpg,ns
ns/00000091.jpg,ns
ns/00000276.jpg,ns
ns/00000239.jpg,ns
ns/00000460.jpg,ns
ns/00000024.jpg,ns
ns/00000139.jpg,ns
ns/00000431.jpg,ns
ns/00000152.jpg,ns
ns/00000320.jpg,ns
ns/00000077.jpg,ns
ns/00000198.jpg,ns
ns/00000224.jpg,ns
ns/00000368.jpg,ns
ns/00000423.jpg,ns
ns/00000412.jpg,ns
ns/00000163.jpg,ns
ns/00000043.jpg,ns
ns/00000118.jpg,ns
ns/00000204.jpg,ns
ns/00000235.jpg,ns
ns/00000121.jpg,ns
ns/00000237.jpg,ns
ns/00000018.jpg,ns
ns/00000122.jpg,ns
ns/00000026.jpg,ns
ns/00000047.jpg,ns
ns/00000255.jpg,ns
ns/00000216.jpg,ns
ns/00000241.jpg,ns
ns/00000415.jpg,ns
ns/00000421.jpg,ns
ns/00000146.jpg,ns
ns/00000064.jpg,ns
ns/00000132.jpg,ns
ns/00000005.jpg,ns
ns/00000166.jpg,ns
ns/00000284.jpg,ns
ns/00000353.jpg,ns
ns/00000111.jpg,ns
ns/00000067.jpg,ns
ns/00000178.jpg,ns
ns/00000209.jpg,ns
ns/00000155.jpg,ns
ns/00000057.jpg,ns
ns/00000007.jpg,ns
ns/00000287.jpg,ns
ns/00000034.jpg,ns
ns/00000393.jpg,ns
ns/00000426.jpg,ns
ns/00000017.jpg,ns
ns/00000217.jpg,ns
ns/00000051.jpg,ns
ns/00000455.jpg,ns
ns/00000001.jpg,ns
ns/00000432.jpg,ns
ns/00000308.jpg,ns
ns/00000093.jpg,ns
ns/00000039.jpg,ns
ns/00000143.jpg,ns
ns/00000465.jpg,ns
ns/00000263.jpg,ns
ns/00000470.jpg,ns
ns/00000335.jpg,ns
ns/00000157.jpg,ns
ns/00000343.jpg,ns
ns/00000319.jpg,ns
ns/00000014.jpg,ns
ns/00000000.jpg,ns
ns/00000238.jpg,ns
ns/00000180.jpg,ns
ns/00000290.jpg,ns
ns/00000062.jpg,ns
ns/00000048.jpg,ns
ns/00000363.jpg,ns
ns/00000254.jpg,ns
ns/00000096.jpg,ns
ns/00000173.jpg,ns
ns/00000331.jpg,ns
ns/00000333.jpg,ns
ns/00000016.jpg,ns
ns/00000158.jpg,ns
ns/00000262.jpg,ns
ns/00000114.jpg,ns
ns/00000225.jpg,ns
ns/00000401.jpg,ns
ns/00000201.jpg,ns
ns/00000044.jpg,ns
ns/00000197.jpg,ns
ns/00000388.jpg,ns
ns/00000310.jpg,ns
ns/00000083.jpg,ns
ns/00000031.jpg,ns
as/00000312.jpg,as
as/00000174.jpg,as
as/00000068.jpg,as
as/00000339.jpg,as
as/00000092.jpg,as
as/00000188.jpg,as
as/00000056.jpg,as
as/00000377.jpg,as
as/00000107.jpg,as
as/00000283.jpg,as
as/00000154.jpg,as
as/00000409.jpg,as
as/00000274.jpg,as
as/00000187.jpg,as
as/00000266.jpg,as
as/00000352.jpg,as
as/00000149.jpg,as
as/00000199.jpg,as
as/00000142.jpg,as
as/00000298.jpg,as
as/00000347.jpg,as
as/00000296.jpg,as
as/00000078.jpg,as
as/00000348.jpg,as
as/00000381.jpg,as
as/00000002.jpg,as
as/00000097.jpg,as
as/00000325.jpg,as
as/00000066.jpg,as
as/00000124.jpg,as
as/00000291.jpg,as
as/00000035.jpg,as
as/00000185.jpg,as
as/00000205.jpg,as
as/00000170.jpg,as
as/00000306.jpg,as
as/00000130.jpg,as
as/00000186.jpg,as
as/00000033.jpg,as
as/00000362.jpg,as
as/00000196.jpg,as
as/00000228.jpg,as
as/00000015.jpg,as
as/00000411.jpg,as
as/00000126.jpg,as
as/00000220.jpg,as
as/00000120.jpg,as
as/00000334.jpg,as
as/00000011.jpg,as
as/00000164.jpg,as
as/00000314.jpg,as
as/00000253.jpg,as
as/00000252.jpg,as
as/00000052.jpg,as
as/00000108.jpg,as
as/00000003.jpg,as
as/00000075.jpg,as
as/00000315.jpg,as
as/00000240.jpg,as
as/00000161.jpg,as
as/00000008.jpg,as
as/00000050.jpg,as
as/00000258.jpg,as
as/00000248.jpg,as
as/00000367.jpg,as
as/00000117.jpg,as
as/00000370.jpg,as
as/00000218.jpg,as
as/00000433.jpg,as
as/00000349.jpg,as
as/00000177.jpg,as
as/00000208.jpg,as
as/00000175.jpg,as
as/00000270.jpg,as
as/00000438.jpg,as
as/00000131.jpg,as
as/00000222.jpg,as
as/00000303.jpg,as
as/00000106.jpg,as
as/00000055.jpg,as
as/00000194.jpg,as
as/00000357.jpg,as
as/00000219.jpg,as
as/00000151.jpg,as
as/00000071.jpg,as
as/00000305.jpg,as
as/00000396.jpg,as
as/00000342.jpg,as
as/00000125.jpg,as
as/00000275.jpg,as
as/00000402.jpg,as
as/00000350.jpg,as
as/00000341.jpg,as
as/00000223.jpg,as
as/00000260.jpg,as
as/00000289.jpg,as
as/00000297.jpg,as
as/00000322.jpg,as
as/00000021.jpg,as
as/00000128.jpg,as
as/00000382.jpg,as
as/00000140.jpg,as
as/00000069.jpg,as
as/00000259.jpg,as
as/00000427.jpg,as
as/00000115.jpg,as
as/00000324.jpg,as
as/00000272.jpg,as
as/00000245.jpg,as
as/00000045.jpg,as
as/00000135.jpg,as
as/00000169.jpg,as
as/00000193.jpg,as
as/00000280.jpg,as
as/00000019.jpg,as
as/00000200.jpg,as
as/00000022.jpg,as
as/00000162.jpg,as
as/00000236.jpg,as
as/00000133.jpg,as
as/00000088.jpg,as
as/00000059.jpg,as
as/00000273.jpg,as
as/00000153.jpg,as
as/00000269.jpg,as
as/00000181.jpg,as
as/00000095.jpg,as
as/00000101.jpg,as
as/00000380.jpg,as
as/00000221.jpg,as
as/00000054.jpg,as
as/00000323.jpg,as
as/00000390.jpg,as
as/00000420.jpg,as
as/00000385.jpg,as
as/00000376.jpg,as
as/00000261.jpg,as
as/00000137.jpg,as
as/00000300.jpg,as
as/00000037.jpg,as
as/00000084.jpg,as
as/00000094.jpg,as
as/00000389.jpg,as
as/00000279.jpg,as
as/00000145.jpg,as
as/00000134.jpg,as
as/00000408.jpg,as
as/00000189.jpg,as
as/00000110.jpg,as
as/00000328.jpg,as
as/00000109.jpg,as
as/00000009.jpg,as
as/00000244.jpg,as
as/00000081.jpg,as
as/00000074.jpg,as
as/00000288.jpg,as
as/00000230.jpg,as
as/00000136.jpg,as
as/00000422.jpg,as
as/00000416.jpg,as
as/00000182.jpg,as
as/00000256.jpg,as
as/00000354.jpg,as
as/00000386.jpg,as
as/00000234.jpg,as
as/00000176.jpg,as
as/00000282.jpg,as
as/00000304.jpg,as
as/00000080.jpg,as
as/00000049.jpg,as
as/00000399.jpg,as
as/00000072.jpg,as
as/00000321.jpg,as
as/00000202.jpg,as
as/00000030.jpg,as
as/00000012.jpg,as
as/00000179.jpg,as
as/00000265.jpg,as
as/00000404.jpg,as
as/00000150.jpg,as
as/00000231.jpg,as
as/00000087.jpg,as
as/00000407.jpg,as
as/00000029.jpg,as
as/00000318.jpg,as
as/00000307.jpg,as
as/00000004.jpg,as
as/00000250.jpg,as
as/00000041.jpg,as
as/00000302.jpg,as
as/00000371.jpg,as
as/00000214.jpg,as
as/00000243.jpg,as
as/00000365.jpg,as
as/00000233.jpg,as
as/00000027.jpg,as
as/00000374.jpg,as
as/00000227.jpg,as
as/00000038.jpg,as
as/00000428.jpg,as
as/00000040.jpg,as
as/00000138.jpg,as
as/00000144.jpg,as
as/00000090.jpg,as
as/00000036.jpg,as
as/00000246.jpg,as
as/00000060.jpg,as
as/00000311.jpg,as
as/00000020.jpg,as
as/00000397.jpg,as
as/00000119.jpg,as
as/00000355.jpg,as
as/00000338.jpg,as
as/00000299.jpg,as
as/00000391.jpg,as
as/00000086.jpg,as
as/00000167.jpg,as
as/00000326.jpg,as
as/00000159.jpg,as
as/00000172.jpg,as
as/00000294.jpg,as
as/00000206.jpg,as
as/00000232.jpg,as
as/00000165.jpg,as
as/00000113.jpg,as
as/00000418.jpg,as
as/00000379.jpg,as
as/00000105.jpg,as
as/00000330.jpg,as
as/00000183.jpg,as
as/00000309.jpg,as
as/00000293.jpg,as
as/00000394.jpg,as
as/00000006.jpg,as
as/00000345.jpg,as
as/00000147.jpg,as
as/00000229.jpg,as
as/00000249.jpg,as
as/00000251.jpg,as
as/00000346.jpg,as
as/00000364.jpg,as
as/00000369.jpg,as
as/00000023.jpg,as
as/00000212.jpg,as
as/00000046.jpg,as
as/00000076.jpg,as
as/00000061.jpg,as
as/00000032.jpg,as
as/00000013.jpg,as
as/00000375.jpg,as
as/00000191.jpg,as
as/00000116.jpg,as
as/00000102.jpg,as
as/00000073.jpg,as
as/00000286.jpg,as
as/00000156.jpg,as
as/00000129.jpg,as
as/00000413.jpg,as
as/00000063.jpg,as
as/00000112.jpg,as
as/00000010.jpg,as
as/00000387.jpg,as
as/00000281.jpg,as
as/00000079.jpg,as
as/00000211.jpg,as
as/00000340.jpg,as
as/00000301.jpg,as
as/00000378.jpg,as
as/00000103.jpg,as
as/00000373.jpg,as
as/00000123.jpg,as
as/00000271.jpg,as
as/00000210.jpg,as
as/00000053.jpg,as
as/00000226.jpg,as
as/00000082.jpg,as
as/00000410.jpg,as
as/00000065.jpg,as
as/00000277.jpg,as
as/00000042.jpg,as
as/00000168.jpg,as
as/00000184.jpg,as
as/00000317.jpg,as
as/00000213.jpg,as
as/00000207.jpg,as
as/00000148.jpg,as
as/00000099.jpg,as
as/00000025.jpg,as
as/00000085.jpg,as
as/00000028.jpg,as
as/00000104.jpg,as
as/00000360.jpg,as
as/00000091.jpg,as
as/00000276.jpg,as
as/00000239.jpg,as
as/00000429.jpg,as
as/00000024.jpg,as
as/00000139.jpg,as
as/00000361.jpg,as
as/00000152.jpg,as
as/00000077.jpg,as
as/00000198.jpg,as
as/00000224.jpg,as
as/00000437.jpg,as
as/00000403.jpg,as
as/00000412.jpg,as
as/00000163.jpg,as
as/00000043.jpg,as
as/00000118.jpg,as
as/00000235.jpg,as
as/00000121.jpg,as
as/00000141.jpg,as
as/00000237.jpg,as
as/00000018.jpg,as
as/00000264.jpg,as
as/00000122.jpg,as
as/00000190.jpg,as
as/00000026.jpg,as
as/00000047.jpg,as
as/00000216.jpg,as
as/00000241.jpg,as
as/00000146.jpg,as
as/00000064.jpg,as
as/00000070.jpg,as
as/00000132.jpg,as
as/00000005.jpg,as
as/00000166.jpg,as
as/00000436.jpg,as
as/00000192.jpg,as
as/00000284.jpg,as
as/00000353.jpg,as
as/00000268.jpg,as
as/00000067.jpg,as
as/00000178.jpg,as
as/00000171.jpg,as
as/00000209.jpg,as
as/00000057.jpg,as
as/00000007.jpg,as
as/00000287.jpg,as
as/00000034.jpg,as
as/00000393.jpg,as
as/00000017.jpg,as
as/00000217.jpg,as
as/00000051.jpg,as
as/00000001.jpg,as
as/00000432.jpg,as
as/00000093.jpg,as
as/00000039.jpg,as
as/00000143.jpg,as
as/00000263.jpg,as
as/00000195.jpg,as
as/00000335.jpg,as
as/00000157.jpg,as
as/00000343.jpg,as
as/00000319.jpg,as
as/00000014.jpg,as
as/00000100.jpg,as
as/00000000.jpg,as
as/00000238.jpg,as
as/00000180.jpg,as
as/00000290.jpg,as
as/00000062.jpg,as
as/00000048.jpg,as
as/00000363.jpg,as
as/00000254.jpg,as
as/00000096.jpg,as
as/00000173.jpg,as
as/00000331.jpg,as
as/00000333.jpg,as
as/00000278.jpg,as
as/00000016.jpg,as
as/00000158.jpg,as
as/00000262.jpg,as
as/00000114.jpg,as
as/00000203.jpg,as
as/00000401.jpg,as
as/00000058.jpg,as
as/00000201.jpg,as
as/00000044.jpg,as
as/00000197.jpg,as
as/00000310.jpg,as
as/00000083.jpg,as
as/00000031.jpg,as
as/00000417.jpg,as
cb/00000312.jpg,cb
cb/00000174.jpg,cb
cb/00000068.jpg,cb
cb/00000092.jpg,cb
cb/00000188.jpg,cb
cb/00000056.jpg,cb
cb/00000425.jpg,cb
cb/00000377.jpg,cb
cb/00000107.jpg,cb
cb/00000358.jpg,cb
cb/00000395.jpg,cb
cb/00000283.jpg,cb
cb/00000154.jpg,cb
cb/00000409.jpg,cb
cb/00000274.jpg,cb
cb/00000187.jpg,cb
cb/00000266.jpg,cb
cb/00000443.jpg,cb
cb/00000419.jpg,cb
cb/00000372.jpg,cb
cb/00000352.jpg,cb
cb/00000359.jpg,cb
cb/00000257.jpg,cb
cb/00000098.jpg,cb
cb/00000149.jpg,cb
cb/00000199.jpg,cb
cb/00000142.jpg,cb
cb/00000298.jpg,cb
cb/00000464.jpg,cb
cb/00000247.jpg,cb
cb/00000347.jpg,cb
cb/00000296.jpg,cb
cb/00000384.jpg,cb
cb/00000078.jpg,cb
cb/00000348.jpg,cb
cb/00000452.jpg,cb
cb/00000381.jpg,cb
cb/00000002.jpg,cb
cb/00000097.jpg,cb
cb/00000392.jpg,cb
cb/00000325.jpg,cb
cb/00000066.jpg,cb
cb/00000124.jpg,cb
cb/00000291.jpg,cb
cb/00000035.jpg,cb
cb/00000185.jpg,cb
cb/00000205.jpg,cb
cb/00000170.jpg,cb
cb/00000306.jpg,cb
cb/00000089.jpg,cb
cb/00000130.jpg,cb
cb/00000475.jpg,cb
cb/00000186.jpg,cb
cb/00000362.jpg,cb
cb/00000196.jpg,cb
cb/00000228.jpg,cb
cb/00000015.jpg,cb
cb/00000411.jpg,cb
cb/00000126.jpg,cb
cb/00000220.jpg,cb
cb/00000120.jpg,cb
cb/00000334.jpg,cb
cb/00000011.jpg,cb
cb/00000164.jpg,cb
cb/00000253.jpg,cb
cb/00000252.jpg,cb
cb/00000052.jpg,cb
cb/00000453.jpg,cb
cb/00000461.jpg,cb
cb/00000295.jpg,cb
cb/00000108.jpg,cb
cb/00000003.jpg,cb
cb/00000075.jpg,cb
cb/00000484.jpg,cb
cb/00000315.jpg,cb
cb/00000240.jpg,cb
cb/00000161.jpg,cb
cb/00000446.jpg,cb
cb/00000434.jpg,cb
cb/00000008.jpg,cb
cb/00000050.jpg,cb
cb/00000258.jpg,cb
cb/00000248.jpg,cb
cb/00000367.jpg,cb
cb/00000117.jpg,cb
cb/00000344.jpg,cb
cb/00000370.jpg,cb
cb/00000218.jpg,cb
cb/00000433.jpg,cb
cb/00000485.jpg,cb
cb/00000349.jpg,cb
cb/00000177.jpg,cb
cb/00000208.jpg,cb
cb/00000175.jpg,cb
cb/00000450.jpg,cb
cb/00000351.jpg,cb
cb/00000270.jpg,cb
cb/00000438.jpg,cb
cb/00000131.jpg,cb
cb/00000303.jpg,cb
cb/00000106.jpg,cb
cb/00000055.jpg,cb
cb/00000160.jpg,cb
cb/00000194.jpg,cb
cb/00000242.jpg,cb
cb/00000440.jpg,cb
cb/00000357.jpg,cb
cb/00000219.jpg,cb
cb/00000151.jpg,cb
cb/00000071.jpg,cb
cb/00000305.jpg,cb
cb/00000447.jpg,cb
cb/00000396.jpg,cb
cb/00000342.jpg,cb
cb/00000125.jpg,cb
cb/00000275.jpg,cb
cb/00000466.jpg,cb
cb/00000402.jpg,cb
cb/00000350.jpg,cb
cb/00000341.jpg,cb
cb/00000336.jpg,cb
cb/00000223.jpg,cb
cb/00000260.jpg,cb
cb/00000289.jpg,cb
cb/00000463.jpg,cb
cb/00000297.jpg,cb
cb/00000322.jpg,cb
cb/00000021.jpg,cb
cb/00000128.jpg,cb
cb/00000382.jpg,cb
cb/00000140.jpg,cb
cb/00000069.jpg,cb
cb/00000435.jpg,cb
cb/00000462.jpg,cb
cb/00000259.jpg,cb
cb/00000427.jpg,cb
cb/00000476.jpg,cb
cb/00000115.jpg,cb
cb/00000324.jpg,cb
cb/00000272.jpg,cb
cb/00000245.jpg,cb
cb/00000135.jpg,cb
cb/00000398.jpg,cb
cb/00000169.jpg,cb
cb/00000280.jpg,cb
cb/00000019.jpg,cb
cb/00000200.jpg,cb
cb/00000022.jpg,cb
cb/00000236.jpg,cb
cb/00000133.jpg,cb
cb/00000088.jpg,cb
cb/00000059.jpg,cb
cb/00000273.jpg,cb
cb/00000153.jpg,cb
cb/00000269.jpg,cb
cb/00000181.jpg,cb
cb/00000095.jpg,cb
cb/00000101.jpg,cb
cb/00000406.jpg,cb
cb/00000414.jpg,cb
cb/00000380.jpg,cb
cb/00000441.jpg,cb
cb/00000482.jpg,cb
cb/00000267.jpg,cb
cb/00000054.jpg,cb
cb/00000323.jpg,cb
cb/00000390.jpg,cb
cb/00000420.jpg,cb
cb/00000473.jpg,cb
cb/00000337.jpg,cb
cb/00000385.jpg,cb
cb/00000285.jpg,cb
cb/00000445.jpg,cb
cb/00000376.jpg,cb
cb/00000261.jpg,cb
cb/00000137.jpg,cb
cb/00000037.jpg,cb
cb/00000084.jpg,cb
cb/00000094.jpg,cb
cb/00000442.jpg,cb
cb/00000389.jpg,cb
cb/00000459.jpg,cb
cb/00000279.jpg,cb
cb/00000145.jpg,cb
cb/00000134.jpg,cb
cb/00000408.jpg,cb
cb/00000189.jpg,cb
cb/00000110.jpg,cb
cb/00000328.jpg,cb
cb/00000109.jpg,cb
cb/00000009.jpg,cb
cb/00000244.jpg,cb
cb/00000081.jpg,cb
cb/00000074.jpg,cb
cb/00000288.jpg,cb
cb/00000230.jpg,cb
cb/00000136.jpg,cb
cb/00000422.jpg,cb
cb/00000416.jpg,cb
cb/00000366.jpg,cb
cb/00000256.jpg,cb
cb/00000354.jpg,cb
cb/00000386.jpg,cb
cb/00000234.jpg,cb
cb/00000439.jpg,cb
cb/00000176.jpg,cb
cb/00000451.jpg,cb
cb/00000282.jpg,cb
cb/00000304.jpg,cb
cb/00000080.jpg,cb
cb/00000049.jpg,cb
cb/00000072.jpg,cb
cb/00000321.jpg,cb
cb/00000327.jpg,cb
cb/00000202.jpg,cb
cb/00000030.jpg,cb
cb/00000012.jpg,cb
cb/00000179.jpg,cb
cb/00000265.jpg,cb
cb/00000404.jpg,cb
cb/00000150.jpg,cb
cb/00000087.jpg,cb
cb/00000407.jpg,cb
cb/00000029.jpg,cb
cb/00000127.jpg,cb
cb/00000318.jpg,cb
cb/00000307.jpg,cb
cb/00000004.jpg,cb
cb/00000250.jpg,cb
cb/00000041.jpg,cb
cb/00000302.jpg,cb
cb/00000371.jpg,cb
cb/00000214.jpg,cb
cb/00000243.jpg,cb
cb/00000233.jpg,cb
cb/00000027.jpg,cb
cb/00000374.jpg,cb
cb/00000227.jpg,cb
cb/00000038.jpg,cb
cb/00000428.jpg,cb
cb/00000040.jpg,cb
cb/00000138.jpg,cb
cb/00000144.jpg,cb
cb/00000090.jpg,cb
cb/00000036.jpg,cb
cb/00000246.jpg,cb
cb/00000356.jpg,cb
cb/00000060.jpg,cb
cb/00000311.jpg,cb
cb/00000020.jpg,cb
cb/00000397.jpg,cb
cb/00000119.jpg,cb
cb/00000338.jpg,cb
cb/00000299.jpg,cb
cb/00000391.jpg,cb
cb/00000086.jpg,cb
cb/00000167.jpg,cb
cb/00000292.jpg,cb
cb/00000326.jpg,cb
cb/00000159.jpg,cb
cb/00000172.jpg,cb
cb/00000294.jpg,cb
cb/00000206.jpg,cb
cb/00000232.jpg,cb
cb/00000165.jpg,cb
cb/00000458.jpg,cb
cb/00000424.jpg,cb
cb/00000113.jpg,cb
cb/00000418.jpg,cb
cb/00000379.jpg,cb
cb/00000105.jpg,cb
cb/00000330.jpg,cb
cb/00000183.jpg,cb
cb/00000309.jpg,cb
cb/00000293.jpg,cb
cb/00000394.jpg,cb
cb/00000006.jpg,cb
cb/00000345.jpg,cb
cb/00000405.jpg,cb
cb/00000147.jpg,cb
cb/00000229.jpg,cb
cb/00000249.jpg,cb
cb/00000251.jpg,cb
cb/00000346.jpg,cb
cb/00000364.jpg,cb
cb/00000369.jpg,cb
cb/00000023.jpg,cb
cb/00000477.jpg,cb
cb/00000212.jpg,cb
cb/00000316.jpg,cb
cb/00000468.jpg,cb
cb/00000478.jpg,cb
cb/00000046.jpg,cb
cb/00000076.jpg,cb
cb/00000061.jpg,cb
cb/00000032.jpg,cb
cb/00000013.jpg,cb
cb/00000375.jpg,cb
cb/00000471.jpg,cb
cb/00000191.jpg,cb
cb/00000116.jpg,cb
cb/00000102.jpg,cb
cb/00000073.jpg,cb
cb/00000286.jpg,cb
cb/00000156.jpg,cb
cb/00000129.jpg,cb
cb/00000413.jpg,cb
cb/00000063.jpg,cb
cb/00000112.jpg,cb
cb/00000010.jpg,cb
cb/00000387.jpg,cb
cb/00000281.jpg,cb
cb/00000313.jpg,cb
cb/00000079.jpg,cb
cb/00000301.jpg,cb
cb/00000378.jpg,cb
cb/00000400.jpg,cb
cb/00000103.jpg,cb
cb/00000373.jpg,cb
cb/00000123.jpg,cb
cb/00000271.jpg,cb
cb/00000210.jpg,cb
cb/00000053.jpg,cb
cb/00000226.jpg,cb
cb/00000467.jpg,cb
cb/00000082.jpg,cb
cb/00000472.jpg,cb
cb/00000410.jpg,cb
cb/00000065.jpg,cb
cb/00000277.jpg,cb
cb/00000042.jpg,cb
cb/00000168.jpg,cb
cb/00000184.jpg,cb
cb/00000454.jpg,cb
cb/00000469.jpg,cb
cb/00000456.jpg,cb
cb/00000213.jpg,cb
cb/00000207.jpg,cb
cb/00000148.jpg,cb
cb/00000099.jpg,cb
cb/00000025.jpg,cb
cb/00000085.jpg,cb
cb/00000028.jpg,cb
cb/00000448.jpg,cb
cb/00000104.jpg,cb
cb/00000430.jpg,cb
cb/00000360.jpg,cb
cb/00000383.jpg,cb
cb/00000091.jpg,cb
cb/00000276.jpg,cb
cb/00000239.jpg,cb
cb/00000460.jpg,cb
cb/00000429.jpg,cb
cb/00000024.jpg,cb
cb/00000139.jpg,cb
cb/00000361.jpg,cb
cb/00000431.jpg,cb
cb/00000152.jpg,cb
cb/00000320.jpg,cb
cb/00000077.jpg,cb
cb/00000198.jpg,cb
cb/00000224.jpg,cb
cb/00000368.jpg,cb
cb/00000423.jpg,cb
cb/00000437.jpg,cb
cb/00000403.jpg,cb
cb/00000412.jpg,cb
cb/00000163.jpg,cb
cb/00000043.jpg,cb
cb/00000118.jpg,cb
cb/00000215.jpg,cb
cb/00000204.jpg,cb
cb/00000235.jpg,cb
cb/00000444.jpg,cb
cb/00000121.jpg,cb
cb/00000237.jpg,cb
cb/00000018.jpg,cb
cb/00000264.jpg,cb
cb/00000122.jpg,cb
cb/00000190.jpg,cb
cb/00000457.jpg,cb
cb/00000026.jpg,cb
cb/00000047.jpg,cb
cb/00000255.jpg,cb
cb/00000216.jpg,cb
cb/00000241.jpg,cb
cb/00000421.jpg,cb
cb/00000146.jpg,cb
cb/00000064.jpg,cb
cb/00000070.jpg,cb
cb/00000132.jpg,cb
cb/00000005.jpg,cb
cb/00000166.jpg,cb
cb/00000436.jpg,cb
cb/00000192.jpg,cb
cb/00000284.jpg,cb
cb/00000353.jpg,cb
cb/00000111.jpg,cb
cb/00000268.jpg,cb
cb/00000067.jpg,cb
cb/00000178.jpg,cb
cb/00000171.jpg,cb
cb/00000209.jpg,cb
cb/00000155.jpg,cb
cb/00000057.jpg,cb
cb/00000007.jpg,cb
cb/00000287.jpg,cb
cb/00000034.jpg,cb
cb/00000393.jpg,cb
cb/00000426.jpg,cb
cb/00000017.jpg,cb
cb/00000217.jpg,cb
cb/00000051.jpg,cb
cb/00000481.jpg,cb
cb/00000455.jpg,cb
cb/00000001.jpg,cb
cb/00000474.jpg,cb
cb/00000432.jpg,cb
cb/00000308.jpg,cb
cb/00000093.jpg,cb
cb/00000039.jpg,cb
cb/00000143.jpg,cb
cb/00000465.jpg,cb
cb/00000263.jpg,cb
cb/00000329.jpg,cb
cb/00000470.jpg,cb
cb/00000195.jpg,cb
cb/00000335.jpg,cb
cb/00000157.jpg,cb
cb/00000343.jpg,cb
cb/00000319.jpg,cb
cb/00000014.jpg,cb
cb/00000100.jpg,cb
cb/00000000.jpg,cb
cb/00000238.jpg,cb
cb/00000332.jpg,cb
cb/00000180.jpg,cb
cb/00000290.jpg,cb
cb/00000062.jpg,cb
cb/00000048.jpg,cb
cb/00000363.jpg,cb
cb/00000254.jpg,cb
cb/00000096.jpg,cb
cb/00000173.jpg,cb
cb/00000331.jpg,cb
cb/00000333.jpg,cb
cb/00000016.jpg,cb
cb/00000158.jpg,cb
cb/00000262.jpg,cb
cb/00000114.jpg,cb
cb/00000203.jpg,cb
cb/00000225.jpg,cb
cb/00000401.jpg,cb
cb/00000058.jpg,cb
cb/00000201.jpg,cb
cb/00000044.jpg,cb
cb/00000197.jpg,cb
cb/00000388.jpg,cb
cb/00000310.jpg,cb
cb/00000083.jpg,cb
cb/00000031.jpg,cb
cb/00000417.jpg,cb
